state,latitude,longitude
Alabama,32.60681297,-85.48732833
Alabama,33.5097215,-86.80275567
Alabama,33.59558141,-86.64743685
Alabama,33.42258215,-86.69827947
Alabama,34.15413377,-86.84122008
Alabama,33.37895803,-86.8038021
Alabama,34.74231925,-86.66572046
Alabama,30.67533781,-88.14375393
Alabama,30.68273058,-88.22499816
Alabama,32.35917688,-86.16225285
Alabama,32.61680875,-85.40447877
Alabama,32.459169,-86.391343
Alabama,33.21066867,-87.55362089
Alabama,33.196755,-87.52704205
Alabama,33.43906916,-86.78828457
Arizona,33.46437706,-112.2731936
Arizona,33.4383084,-112.5583039
Arizona,32.87913006,-111.7112353
Arizona,33.7991455,-111.9660838
Arizona,33.26392224,-111.8572606
Arizona,33.30528109,-111.8999822
Arizona,33.31742039,-111.9688276
Arizona,35.18986,-111.661643
Arizona,33.32988022,-111.7908959
Arizona,33.3779242,-111.8076396
Arizona,33.3081148,-111.7427414
Arizona,33.281812,-111.7889158
Arizona,33.6659131,-112.2034538
Arizona,33.5523649,-112.1856023
Arizona,33.61131276,-112.1845225
Arizona,33.64207418,-112.2253047
Arizona,33.53508568,-112.2619515
Arizona,33.46380663,-112.3586628
Arizona,31.909951,-110.9799733
Arizona,35.2241165,-114.0370087
Arizona,34.47479665,-114.3455107
Arizona,33.37927,-112.1689994
Arizona,32.35488472,-111.091652
Arizona,33.0735015,-112.0428503
Arizona,33.45106526,-111.8033569
Arizona,33.38960599,-111.8568272
Arizona,33.3898773,-111.6839359
Arizona,33.37942482,-111.600949
Arizona,33.46790531,-111.6834685
Arizona,33.37966761,-111.7558129
Arizona,33.32550688,-111.6875982
Arizona,32.3987337,-110.9557397
Arizona,33.63626808,-112.234111
Arizona,33.7114249,-112.2730806
Arizona,33.5096598,-112.0716792
Arizona,33.44806055,-112.0744555
Arizona,33.4655983,-112.0823811
Arizona,33.51037506,-112.0462204
Arizona,33.63818544,-111.9773865
Arizona,33.5243797,-112.0986855
Arizona,33.6747533,-111.9752754
Arizona,33.37725717,-112.0298729
Arizona,33.64037284,-112.1122786
Arizona,33.714657,-112.1125722
Arizona,33.66665769,-112.1232217
Arizona,33.5814625,-112.1251124
Arizona,33.49495085,-112.0146334
Arizona,33.30479752,-111.993614
Arizona,33.63993407,-112.0674683
Arizona,33.47971019,-111.9862117
Arizona,33.599529,-111.981757
Arizona,33.406421,-111.979649
Arizona,33.47967648,-112.2198342
Arizona,34.54663163,-112.469246
Arizona,34.578155,-112.362518
Arizona,33.25618534,-111.6388885
Arizona,33.58595737,-111.9255819
Arizona,33.62240125,-111.8739547
Arizona,33.6262957,-111.9248201
Arizona,33.6762414,-111.9240139
Arizona,33.47933691,-111.9257679
Arizona,33.50337052,-111.9256946
Arizona,33.50367267,-111.9292365
Arizona,33.5575736,-111.8991376
Arizona,33.5386903,-111.8876449
Arizona,33.58081393,-111.8819009
Arizona,34.86836335,-111.7619956
Arizona,31.55986474,-110.2579386
Arizona,33.63829071,-112.3590925
Arizona,33.41798134,-111.9404017
Arizona,33.348634,-111.965379
Arizona,33.43336835,-111.9018362
Arizona,33.3497888,-111.9015589
Arizona,33.37791758,-111.929085
Arizona,32.1639328,-110.9897341
Arizona,32.2861099,-110.9755519
Arizona,32.26238951,-110.9441263
Arizona,32.25002328,-110.8909247
Arizona,32.21917539,-110.8654868
Arizona,32.25026413,-110.851543
Arizona,32.3435616,-111.0134197
Arizona,32.23192171,-110.9574618
Arizona,32.20596149,-110.7901435
Arizona,32.699728,-114.6010684
Arizona,32.69987814,-114.6010032
Arkansas,36.33465562,-94.18511392
Arkansas,35.09108728,-92.41823378
Arkansas,36.11273655,-94.1453854
Arkansas,36.0667367,-94.16612579
Arkansas,34.75201037,-92.34153181
Arkansas,34.79354122,-92.40036711
California,37.7561207,-122.2501137
California,37.78614101,-122.2812066
California,34.0925553,-118.1458415
California,33.57698001,-117.725426
California,33.8395799,-117.8886747
California,33.86056975,-117.7922829
California,33.86802786,-117.748151
California,33.81863895,-117.941768
California,34.47069588,-117.2457915
California,34.13572656,-118.0497366
California,35.12017355,-120.6017122
California,38.9412008,-121.0961485
California,34.12814642,-117.8915716
California,35.35212177,-119.1191179
California,35.39223261,-118.9679403
California,35.3377069,-119.0351604
California,35.4011634,-119.0918348
California,35.35453087,-119.0570589
California,35.30652184,-119.0925288
California,34.01328442,-118.336625
California,34.069396,-117.97208
California,33.9238641,-116.9454427
California,34.85281236,-117.0827967
California,37.87939337,-122.2963245
California,37.86887329,-122.2674866
California,37.86838434,-122.2589561
California,34.06332379,-118.3988293
California,34.07132265,-118.4035617
California,33.91567794,-117.8864341
California,33.9117969,-117.8820526
California,37.96126018,-121.7488497
California,33.85831428,-118.0305772
California,34.18195879,-118.3114397
California,34.1516477,-118.3433513
California,33.9232774,-116.8053387
California,34.21725346,-119.0655579
California,37.29088001,-121.9320587
California,34.19,-118.60255
California,36.97793297,-121.9662903
California,33.12805532,-117.2704512
California,33.08184605,-117.2359404
California,33.8465713,-118.2634552
California,37.69534808,-122.0768217
California,33.88592808,-118.1020102
California,33.87279148,-118.0642177
California,33.8619,-118.092552
California,34.23752415,-118.589135
California,39.72754269,-121.805063
California,39.73437615,-121.8351502
California,34.03190486,-117.6903012
California,34.0006695,-117.7316068
California,32.64715652,-116.9655746
California,32.63153833,-117.088096
California,32.646182,-117.002625
California,38.6720411,-121.2720328
California,34.0219656,-117.9595935
California,33.991186,-117.9246994
California,34.079562,-117.719517
California,36.80816451,-119.6936529
California,36.83710281,-119.6829133
California,37.67119214,-122.4643989
California,34.005728,-118.152961
California,33.87653522,-118.2178388
California,37.9768843,-122.0356178
California,37.9369329,-122.0248286
California,33.8476157,-117.5438169
California,33.823651,-117.5165168
California,33.6580777,-117.9187307
California,33.66787924,-117.8829248
California,33.6294249,-117.9095438
California,34.00716182,-118.4126231
California,33.9854146,-118.3933069
California,33.98811136,-118.393007
California,34.0233754,-118.3943383
California,37.31726503,-122.03279
California,37.33731505,-122.0364837
California,33.8036646,-118.0124366
California,37.7014805,-122.4823687
California,37.82315929,-122.0040949
California,38.5440526,-121.7415034
California,32.98128659,-117.2497982
California,34.02087758,-117.8105588
California,33.93780766,-118.1295524
California,33.92222904,-118.1315477
California,37.70561684,-121.890836
California,37.70637316,-121.9291182
California,32.7940362,-116.934819
California,37.89920809,-122.3023089
California,33.91964298,-118.3964664
California,38.40832,-121.449308
California,38.4231808,-121.4155253
California,33.05221415,-117.2615562
California,33.13032265,-117.0665902
California,33.11301485,-117.101039
California,33.071038,-117.065973
California,40.7842726,-124.1836109
California,38.66156368,-121.2260549
California,38.26163326,-122.0584716
California,38.6694922,-121.1559255
California,38.64500628,-121.1233673
California,34.0627057,-117.4350364
California,34.1385361,-117.4413977
California,33.67950659,-117.6686819
California,37.5625402,-122.2806439
California,33.7141699,-117.9540216
California,33.68759249,-117.9545164
California,37.55439779,-121.9817117
California,37.51104648,-121.9407045
California,37.50434625,-121.9756368
California,36.78161965,-119.7900766
California,36.80942382,-119.871819
California,36.80813092,-119.7534441
California,36.8110901,-119.8079561
California,36.85213062,-119.7889995
California,33.8597251,-117.9238283
California,33.8745713,-117.8901726
California,33.78884075,-117.9632251
California,33.87347234,-118.3088413
California,37.00297749,-121.5519972
California,34.145124,-118.259326
California,34.1474571,-118.246342
California,34.14795064,-118.2552935
California,34.11636408,-117.8356347
California,38.61703935,-121.2689493
California,34.42917695,-119.8694057
California,34.25774799,-118.5020816
California,36.32747683,-119.6732996
California,33.90123579,-118.3732252
California,33.74715565,-116.9975101
California,33.86533148,-118.3934866
California,34.427957,-117.37835
California,33.72684892,-117.9896923
California,33.68070597,-118.0043469
California,32.58360256,-117.1154486
California,33.9307059,-118.3255833
California,33.94656227,-118.332183
California,33.72352161,-117.7714564
California,33.6854646,-117.8111745
California,33.64954032,-117.8390729
California,33.69833319,-117.7409454
California,33.65076779,-117.7428841
California,34.2035553,-118.1977544
California,33.91679033,-117.9588635
California,32.865734,-117.232143
California,32.77361314,-117.0269597
California,33.710716,-116.2832098
California,34.11205097,-117.7622467
California,37.89320838,-122.1181199
California,33.5680509,-117.7085587
California,33.4926226,-117.6981154
California,33.63796531,-117.680601
California,33.61882578,-117.7034592
California,33.85414598,-118.1419424
California,34.675182,-118.1473502
California,34.98650931,-118.9463183
California,37.6984632,-121.8449893
California,37.6990748,-121.7416796
California,38.1167581,-121.3025829
California,38.1007584,-121.2671192
California,33.79012666,-118.1386806
California,33.77014798,-118.1926605
California,33.759875,-118.114835
California,34.058031,-118.419668
California,34.06105861,-118.4463143
California,34.07370033,-118.3609468
California,34.0543205,-118.2632069
California,34.05350633,-118.4648759
California,34.02268149,-118.4391797
California,34.09734687,-118.3263656
California,34.07714537,-118.2647605
California,34.0764487,-118.3239423
California,34.042015,-118.25841
California,34.0620432,-118.290865
California,34.01695556,-118.282584
California,34.0481825,-118.3360122
California,34.13833243,-118.2147238
California,34.06211335,-118.3501959
California,34.04759613,-118.2566472
California,33.9788835,-118.370701
California,34.08362649,-118.3443387
California,34.09784711,-118.3569052
California,34.07313567,-118.3727653
California,37.2353535,-121.9636567
California,36.97402194,-120.0830111
California,34.036158,-118.684829
California,37.7963104,-121.1930173
California,36.66588128,-121.8097246
California,33.979174,-118.4383297
California,37.99476244,-122.1058578
California,33.6845653,-117.174962
California,37.31977991,-120.4861444
California,37.59664287,-122.3861689
California,37.41575563,-121.8975576
California,33.9766722,-117.5528577
California,34.25942,-118.4665907
California,33.592456,-117.660366
California,33.55943066,-117.6714265
California,33.55797149,-117.6689723
California,37.67089836,-120.9946328
California,37.68870918,-121.0539759
California,34.13980863,-118.0124708
California,34.08735747,-117.6891018
California,34.0189753,-118.1059054
California,36.5835108,-121.8967857
California,36.59696784,-121.8945036
California,34.03839617,-118.1445545
California,34.278874,-118.8665098
California,33.93697901,-117.2618174
California,37.15120417,-121.6560442
California,37.39065241,-122.0944016
California,37.42184533,-122.0965184
California,33.56830638,-117.2046824
California,38.3212999,-122.3059614
California,38.28588119,-122.2743421
California,32.66055955,-117.1055656
California,37.55115908,-122.0514488
California,33.63897764,-117.8600891
California,33.61526489,-117.9306384
California,33.902656,-117.561895
California,34.18809,-118.41699
California,34.16616008,-118.3750157
California,34.2346925,-118.5551529
California,34.223551,-118.5019409
California,34.2369727,-118.5357062
California,38.10599116,-122.569609
California,37.81919,-122.262585
California,37.81076742,-122.2447664
California,37.73794079,-122.1974657
California,33.181893,-117.33164
California,33.20565306,-117.2886108
California,33.24521345,-117.2905077
California,34.073101,-117.552031
California,34.03373896,-117.6289287
California,33.82580291,-117.8364086
California,33.78717025,-117.8165609
California,39.49757019,-121.5723439
California,34.188414,-119.222122
California,34.2340585,-119.1786174
California,34.046596,-118.524413
California,33.80144669,-116.3874707
California,33.7281369,-116.4030505
California,33.8007721,-116.5216757
California,34.6023208,-118.1503435
California,37.44481459,-122.1692715
California,37.42387417,-122.14306
California,34.2157655,-118.4484125
California,33.8895507,-118.1598492
California,34.1462581,-118.1155796
California,34.14161412,-118.1319138
California,34.15168716,-118.0802008
California,35.61478349,-120.68339
California,33.80745746,-117.2265905
California,38.24360598,-122.6263893
California,34.00121278,-118.0842959
California,37.99584488,-122.2861696
California,38.00554369,-121.8394712
California,33.8875389,-117.8627577
California,38.71319049,-120.840093
California,37.97882256,-122.0668209
California,37.9458352,-122.0617206
California,37.6589742,-121.897972
California,34.03369167,-117.7567961
California,36.0808791,-119.0435775
California,32.9549061,-117.0389035
California,38.59431544,-121.2885637
California,34.10618342,-117.5688596
California,34.07764976,-117.5575713
California,34.11030699,-117.5354814
California,33.63911454,-117.5940962
California,40.58533694,-122.3540046
California,34.07399443,-117.2050534
California,34.061169,-117.18282
California,33.82168262,-118.3851422
California,37.4858199,-122.2289647
California,34.0772722,-117.3708097
California,34.13477401,-117.3693246
California,37.71164401,-120.9579371
California,33.90711401,-117.4582641
California,33.9555803,-117.389443
California,33.8903167,-117.3242894
California,38.80463575,-121.2065613
California,38.34732645,-122.7101281
California,33.7761393,-118.3757891
California,34.07458923,-118.0722079
California,38.77010544,-121.2647619
California,38.7431452,-121.2274527
California,38.78950857,-121.2809068
California,38.5616545,-121.4918286
California,38.59735988,-121.4158702
California,38.57402706,-121.4827571
California,38.5756165,-121.4033345
California,38.65552957,-121.5239543
California,38.6100294,-121.3858099
California,38.63867609,-121.5049854
California,38.5377911,-121.4923925
California,38.66020923,-121.3470415
California,38.557712,-121.4366786
California,38.5806059,-121.4986251
California,38.4650496,-121.4922938
California,36.7170151,-121.6539367
California,34.06925298,-117.2619017
California,37.6372041,-122.4172493
California,37.50220846,-122.2463726
California,33.44339123,-117.6137276
California,32.7150214,-117.1642958
California,32.7679405,-117.1531596
California,33.02013968,-117.1110702
California,32.97977175,-117.08269
California,32.79971539,-117.2426225
California,32.88780078,-117.1314298
California,32.75119541,-117.2056061
California,32.93772359,-117.2301245
California,32.773947,-117.070094
California,32.82049946,-117.1789808
California,32.76128862,-117.066615
California,32.83158377,-117.1646026
California,32.74865863,-117.1577837
California,32.9137603,-117.1458472
California,32.8695554,-117.2154937
California,34.28358072,-118.4413987
California,37.78430291,-122.4036173
California,37.73245288,-122.489983
California,37.7896709,-122.4039997
California,37.78205287,-122.4465364
California,37.7276457,-122.4765986
California,37.7889155,-122.3960781
California,37.7942596,-122.3974244
California,37.79046409,-122.3992995
California,37.78413352,-122.4069444
California,37.33502373,-121.8925935
California,37.38309379,-121.8967541
California,37.24983173,-121.876346
California,37.314442,-121.871406
California,37.29292404,-121.9911738
California,37.26219628,-121.9317896
California,37.32615899,-121.9439408
California,37.3312751,-121.8120879
California,37.37114722,-121.8449028
California,37.32171627,-121.9505501
California,37.41619674,-121.9549865
California,37.3505886,-121.9221827
California,37.24865131,-121.8028797
California,37.33190682,-121.9086599
California,37.72336091,-122.1539385
California,35.26261464,-120.6776981
California,33.137033,-117.17627
California,37.54469579,-122.291492
California,33.751044,-118.307344
California,37.96956572,-122.516752
California,38.0042166,-122.544202
California,37.7616424,-121.9626094
California,37.77515171,-121.978018
California,36.62262582,-121.8436613
California,33.7603678,-117.8861082
California,33.77336675,-117.8670125
California,33.69835441,-117.8849986
California,33.73867473,-117.9196569
California,34.43950397,-119.7491599
California,37.3520612,-121.9601808
California,37.3808995,-121.9744656
California,37.3948049,-121.9464074
California,34.3944487,-118.462761
California,36.98261372,-122.0293636
California,34.9213223,-120.4330122
California,34.0177215,-118.4990088
California,34.0319858,-118.4828906
California,38.417914,-122.712384
California,38.458189,-122.730058
California,32.8410211,-116.9814123
California,33.7829807,-118.0723415
California,36.57708095,-119.6323649
California,34.15689574,-118.4373005
California,34.1515368,-118.4536181
California,33.81192512,-118.1812713
California,34.2841068,-118.7753668
California,33.952512,-118.1856175
California,38.9479866,-119.9580307
California,38.054047,-121.374767
California,37.9946689,-121.3134374
California,34.14355872,-118.3977093
California,37.3677565,-122.036154
California,34.1703974,-118.5411936
California,33.52408851,-117.1589875
California,33.481129,-117.096994
California,34.10463595,-118.0738962
California,34.1822146,-118.8849829
California,34.19116189,-118.9376643
California,33.83498813,-118.3528047
California,33.8018953,-118.3287984
California,33.83295,-118.349293
California,37.75546915,-121.4649485
California,36.22621559,-119.328938
California,37.520645,-120.880929
California,33.74511975,-117.8146216
California,33.712719,-117.817008
California,39.15164538,-123.1993597
California,37.60245939,-122.0690668
California,34.13235746,-117.636665
California,34.1083823,-117.6699027
California,38.3669041,-121.9624169
California,34.41791932,-118.561431
California,34.4426573,-118.5737746
California,38.13695774,-122.2150148
California,34.1723139,-118.4483088
California,34.2643651,-119.2126867
California,34.26674003,-119.2460875
California,36.29236399,-119.3143947
California,33.200884,-117.244767
California,34.02788977,-117.8338552
California,37.8956359,-122.061034
California,33.97444314,-118.2335055
California,34.0730989,-117.8821127
California,34.0711073,-117.9327713
California,38.5899901,-121.549642
California,34.15371792,-118.7965404
California,33.75940417,-118.0075772
California,33.94105821,-118.0462111
California,33.9443999,-117.9948264
California,34.16982121,-118.6052853
California,34.187712,-118.5980033
California,39.1425828,-121.6297616
Colorado,39.81138705,-105.1396782
Colorado,39.79394227,-105.080272
Colorado,39.85612607,-105.08244
Colorado,39.69457177,-104.8662979
Colorado,39.73989855,-104.827771
Colorado,39.6743652,-104.8106556
Colorado,39.67438799,-104.8695771
Colorado,39.6042842,-104.7074551
Colorado,39.76402984,-104.7747054
Colorado,39.64020421,-104.7920474
Colorado,39.5945685,-104.806396
Colorado,40.0164091,-105.2578739
Colorado,40.01737499,-105.2833911
Colorado,39.9570906,-104.7758057
Colorado,39.41447192,-104.8640043
Colorado,39.59543648,-104.8487874
Colorado,39.61124137,-104.7526038
Colorado,39.56723689,-104.8805055
Colorado,38.89705694,-104.8526434
Colorado,38.8331152,-104.8233729
Colorado,38.8016856,-104.8191388
Colorado,38.87706801,-104.718761
Colorado,38.90433197,-104.774169
Colorado,38.90253351,-104.8181072
Colorado,38.94636373,-104.8022977
Colorado,38.8454709,-104.7565472
Colorado,39.80400745,-104.9308275
Colorado,39.71855993,-104.9495614
Colorado,39.7503934,-104.9991429
Colorado,39.74538158,-104.991604
Colorado,39.67828797,-104.9678078
Colorado,39.73995496,-104.9572269
Colorado,39.66641697,-104.9398869
Colorado,39.76198306,-105.034841
Colorado,39.7115057,-104.9830928
Colorado,39.77766645,-104.8464328
Colorado,39.72548669,-104.9870172
Colorado,39.652405,-104.9032
Colorado,39.75785136,-104.9015616
Colorado,39.72831433,-104.9409934
Colorado,39.6165527,-105.0904422
Colorado,39.7017993,-104.9124564
Colorado,39.65358492,-104.9924267
Colorado,39.8842261,-105.0247083
Colorado,40.52377696,-105.0368265
Colorado,40.57830132,-105.077433
Colorado,39.083436,-108.5879275
Colorado,40.41203572,-104.6914819
Colorado,39.59683886,-104.8880828
Colorado,39.62373123,-104.8960671
Colorado,39.537149,-105.013862
Colorado,39.5424541,-104.9399959
Colorado,39.98638566,-105.097944
Colorado,39.73410047,-105.1599753
Colorado,39.7174605,-105.1336253
Colorado,39.66072835,-105.0808976
Colorado,39.71029637,-105.082146
Colorado,39.7405611,-105.0783054
Colorado,39.58031769,-105.1349923
Colorado,39.6134379,-104.9883933
Colorado,39.5802065,-104.9613258
Colorado,39.61190845,-105.0956733
Colorado,39.56249,-104.874908
Colorado,39.5369564,-104.879417
Colorado,40.15283135,-105.111099
Colorado,40.189207,-105.101803
Colorado,39.96621597,-105.1639703
Colorado,40.40752588,-105.0978638
Colorado,40.4083052,-105.0077249
Colorado,39.5584899,-104.7771484
Colorado,39.51869503,-104.7704022
Colorado,38.303292,-104.614979
Colorado,39.63028742,-106.0714222
Colorado,39.87117687,-104.9762458
Colorado,39.9143671,-104.9750523
Colorado,39.95919,-104.99359
Colorado,39.912141,-105.051381
Colorado,39.8288063,-105.0255025
Colorado,39.7631512,-105.1400656
Connecticut,41.27731142,-72.82831742
Connecticut,41.17842824,-73.18194729
Connecticut,41.82332323,-72.883227
Connecticut,41.39248218,-73.52250704
Connecticut,41.380326,-73.47943
Connecticut,41.09095263,-73.45564055
Connecticut,41.0806742,-73.4614135
Connecticut,41.99055716,-72.58473317
Connecticut,41.15703885,-73.24059272
Connecticut,41.72037396,-72.6209659
Connecticut,41.36887694,-72.91832854
Connecticut,41.812806,-72.527117
Connecticut,41.55468,-72.67984
Connecticut,41.23845337,-73.03542478
Connecticut,41.30639517,-72.92693399
Connecticut,41.650066,-72.729361
Connecticut,41.04242181,-73.57832705
Connecticut,41.27588198,-73.12399876
Connecticut,41.638174,-72.8733701
Connecticut,41.497039,-72.806854
Connecticut,41.72472959,-72.75709768
Connecticut,41.76188939,-72.74307216
Connecticut,41.27118783,-72.97258821
Connecticut,41.69268358,-72.65518357
Delaware,39.18678447,-75.53655817
Delaware,39.44580632,-75.73467348
Delaware,39.66378445,-75.6068725
Delaware,39.677884,-75.652284
Delaware,39.68377824,-75.74772735
Delaware,39.68767491,-75.65245349
Delaware,38.717843,-75.111239
Delaware,39.7902115,-75.5457651
Delaware,39.73293718,-75.63955922
Florida,28.66129831,-81.39668856
Florida,28.6735515,-81.46992336
Florida,25.95018504,-80.14567645
Florida,26.36554161,-80.07898699
Florida,26.3688274,-80.12805007
Florida,26.400853,-80.120509
Florida,26.34951136,-80.15744496
Florida,26.366093,-80.20238
Florida,26.5138431,-80.058808
Florida,26.54267805,-80.0902187
Florida,26.5271441,-80.1860513
Florida,27.46318454,-82.57834493
Florida,27.93874777,-82.32362886
Florida,27.932463,-82.326069
Florida,27.8931824,-82.2723949
Florida,28.5342859,-82.5066036
Florida,26.67288627,-81.9285345
Florida,26.6109827,-81.940545
Florida,28.01467734,-82.73444403
Florida,27.96114536,-82.72752726
Florida,27.91683597,-82.73144484
Florida,28.5456987,-81.73009849
Florida,26.2528656,-80.25231917
Florida,26.283486,-80.202631
Florida,26.2874054,-80.2511132
Florida,25.5896308,-80.3586636
Florida,26.04869664,-80.15950362
Florida,28.2252006,-81.643959
Florida,26.094269,-80.250265
Florida,26.04704232,-80.2510543
Florida,29.2188702,-81.0970811
Florida,29.1808275,-81.08063716
Florida,26.3070874,-80.09320808
Florida,28.9871532,-81.29931061
Florida,26.4582383,-80.1201601
Florida,26.43919399,-80.07845579
Florida,30.3899771,-86.4249352
Florida,25.7934463,-80.3375674
Florida,26.403546,-81.811326
Florida,28.6596911,-81.3407499
Florida,26.10086693,-80.12666719
Florida,26.15056453,-80.1188865
Florida,26.12128776,-80.17647566
Florida,26.1877608,-80.11555793
Florida,26.49183385,-81.78677409
Florida,26.5586902,-81.871154
Florida,26.6083701,-81.8105661
Florida,26.20478634,-80.14741757
Florida,29.65229226,-82.34149668
Florida,29.6736412,-82.33867029
Florida,29.61940629,-82.38130673
Florida,26.64823558,-80.14615553
Florida,25.94126835,-80.30643629
Florida,25.867047,-80.29195
Florida,25.89481691,-80.35074015
Florida,26.03305612,-80.14206884
Florida,25.4790088,-80.4419205
Florida,30.17355627,-81.62783786
Florida,30.28711283,-81.46036845
Florida,30.14131051,-81.54639779
Florida,30.25457634,-81.53278941
Florida,30.3240764,-81.6703194
Florida,30.48142958,-81.63747586
Florida,30.19387122,-81.73845549
Florida,30.31936528,-81.55489914
Florida,30.196356,-81.829889
Florida,30.27124704,-81.3888743
Florida,26.934163,-80.1306313
Florida,28.34558034,-81.42075173
Florida,28.346371,-81.486212
Florida,28.3321649,-81.5327309
Florida,28.75567321,-81.35075834
Florida,26.5876012,-80.1485279
Florida,28.00167138,-81.95652422
Florida,28.0958373,-81.9746955
Florida,27.4321292,-82.4211034
Florida,27.89409107,-82.78003659
Florida,26.19154931,-80.25268509
Florida,28.1933432,-82.3954687
Florida,28.078395,-80.64752089
Florida,28.23914144,-80.72848018
Florida,25.7692416,-80.3598109
Florida,25.6862634,-80.3643858
Florida,25.77273606,-80.26398949
Florida,25.68454606,-80.41519647
Florida,25.6264966,-80.3945468
Florida,25.7899171,-80.3871844
Florida,25.9580522,-80.1421209
Florida,25.74918684,-80.33610395
Florida,25.74931219,-80.25426375
Florida,25.80882356,-80.31533222
Florida,25.91286118,-80.33091748
Florida,25.98021334,-80.35695227
Florida,28.82472077,-81.64073361
Florida,26.17227731,-81.80079516
Florida,26.065774,-81.698679
Florida,26.254102,-81.8001898
Florida,28.2053129,-82.6666684
Florida,25.91253024,-80.15779179
Florida,27.03733331,-82.21619477
Florida,29.16710005,-82.16838951
Florida,28.55248571,-81.52695895
Florida,28.3933146,-81.4864466
Florida,28.59717445,-81.21645095
Florida,28.38689283,-81.24501852
Florida,28.38128403,-81.40509368
Florida,28.4496456,-81.4020285
Florida,28.51678229,-81.37613156
Florida,28.5142663,-81.3109937
Florida,28.51208482,-81.4597723
Florida,28.553571,-81.346887
Florida,28.48512159,-81.43154115
Florida,28.55352649,-81.20656532
Florida,28.4930203,-81.4286313
Florida,28.46763233,-81.30852625
Florida,28.45059812,-81.48896473
Florida,28.3464523,-81.6112848
Florida,28.435468,-81.301371
Florida,29.26379914,-81.10531615
Florida,28.6562891,-81.2033689
Florida,26.8490078,-80.0851436
Florida,26.83876695,-80.10890162
Florida,26.88254682,-80.11550597
Florida,29.4762979,-81.19619297
Florida,28.07317467,-82.73829772
Florida,30.1889939,-85.6538631
Florida,30.2238322,-85.872215
Florida,26.00845192,-80.29500488
Florida,26.00678298,-80.35630208
Florida,30.5331209,-87.2275807
Florida,25.65706049,-80.32749741
Florida,27.83877106,-82.6846653
Florida,26.12151288,-80.3306884
Florida,26.147191,-80.256386
Florida,26.26065656,-80.09890993
Florida,29.11136811,-81.02645685
Florida,28.29081059,-82.7119125
Florida,27.31065262,-80.40642135
Florida,29.86960755,-81.323895
Florida,28.25254374,-81.31628411
Florida,27.78555672,-82.72892202
Florida,27.80467005,-82.63883005
Florida,27.7801363,-82.6387503
Florida,28.8002259,-81.3336244
Florida,27.31810978,-82.5293882
Florida,27.337224,-82.463164
Florida,27.38768782,-82.4581399
Florida,27.84161002,-82.7944858
Florida,25.69952479,-80.29501149
Florida,27.17797051,-80.23606648
Florida,27.23478472,-80.26763417
Florida,26.14989882,-80.32448515
Florida,30.43612514,-84.2583944
Florida,30.44878968,-84.31106364
Florida,30.50443578,-84.24967577
Florida,30.4353117,-84.2926217
Florida,28.06358655,-82.50338113
Florida,28.13128526,-82.36579343
Florida,27.9601701,-82.50500973
Florida,27.96470755,-82.52085684
Florida,28.05487328,-82.42981196
Florida,27.9474778,-82.52395334
Florida,27.89343931,-82.50586516
Florida,27.93968449,-82.48338686
Florida,28.06646553,-82.57050849
Florida,28.043468,-82.590389
Florida,28.0547369,-82.3990932
Florida,27.63826445,-80.44798373
Florida,26.663797,-80.202153
Florida,26.708201,-80.098556
Florida,26.067603,-80.363058
Florida,28.4931741,-81.5092683
Florida,28.551525,-81.5854101
Florida,28.52086293,-81.58684953
Florida,28.00360259,-81.71751415
Florida,28.59363199,-81.3653155
Florida,28.6469345,-81.2700902
Georgia,31.6170158,-84.221878
Georgia,34.05176247,-84.28630242
Georgia,34.09082268,-84.2749303
Georgia,33.9473734,-83.40882518
Georgia,33.78399691,-84.38384298
Georgia,33.6422132,-84.4292545
Georgia,33.9279656,-84.3442099
Georgia,33.7885662,-84.326684
Georgia,33.8016155,-84.3927512
Georgia,33.8101162,-84.4131588
Georgia,33.84586266,-84.25600603
Georgia,33.81468877,-84.31016043
Georgia,33.88102858,-84.46140194
Georgia,33.845309,-84.36136
Georgia,33.84814155,-84.37417909
Georgia,33.92378392,-84.34106851
Georgia,33.88098758,-84.38013422
Georgia,33.7909785,-84.4070716
Georgia,33.7739218,-84.36356533
Georgia,33.4904458,-82.0800409
Georgia,33.855531,-84.5993014
Georgia,34.07311907,-83.98484862
Georgia,34.23665147,-84.45634732
Georgia,33.88455949,-84.31577334
Georgia,32.482932,-84.942702
Georgia,32.54176918,-84.95034429
Georgia,33.65107593,-84.00914985
Georgia,34.1812161,-84.13305842
Georgia,34.3486372,-84.0500075
Georgia,33.775257,-84.298713
Georgia,33.7278339,-84.7376685
Georgia,34.06743458,-84.16937882
Georgia,33.95524015,-84.13109877
Georgia,34.02145598,-84.12027297
Georgia,33.6573346,-84.4992978
Georgia,33.4722595,-84.4428863
Georgia,34.3032822,-83.858686
Georgia,31.8219132,-81.5990953
Georgia,34.03541848,-84.57355248
Georgia,34.00384742,-84.57924999
Georgia,33.95569583,-84.05474217
Georgia,33.967097,-84.022464
Georgia,33.84487462,-83.90851404
Georgia,32.90075978,-83.68851949
Georgia,33.9801472,-84.4246259
Georgia,34.037258,-84.461132
Georgia,33.42289817,-84.18719385
Georgia,33.56269552,-84.32466226
Georgia,33.39842,-84.74004
Georgia,33.9801112,-84.2171085
Georgia,33.9082515,-84.2057184
Georgia,33.3965503,-84.5918881
Georgia,32.14018919,-81.24343998
Georgia,34.0439237,-84.3422444
Georgia,33.91633,-84.379629
Georgia,32.04385577,-81.07206736
Georgia,32.0052978,-81.113936
Georgia,33.88240819,-84.01050865
Georgia,34.03438023,-84.05223583
Georgia,33.85160475,-84.21001497
Georgia,32.6185625,-83.6903443
Idaho,43.606686,-116.2823
Idaho,43.61266805,-116.2030936
Idaho,43.67126092,-116.2830334
Idaho,43.6241636,-116.3537875
Illinois,41.9496874,-88.03226236
Illinois,42.171596,-88.33588367
Illinois,42.11278119,-87.97832012
Illinois,41.780402,-88.2400918
Illinois,41.786283,-88.37625018
Illinois,41.81371922,-88.28039555
Illinois,41.76848482,-88.20634979
Illinois,41.85069116,-87.80281365
Illinois,41.95711719,-88.07361856
Illinois,41.93874655,-88.11421337
Illinois,40.48248542,-88.95222838
Illinois,41.69036302,-88.12505971
Illinois,41.721287,-88.0379517
Illinois,41.17397975,-87.85218981
Illinois,41.731248,-87.79849107
Illinois,40.11042403,-88.23064215
Illinois,40.1374091,-88.2585773
Illinois,41.87833441,-87.6272176
Illinois,41.8817766,-87.6326875
Illinois,41.93973087,-87.65514537
Illinois,41.9469614,-87.6554621
Illinois,41.86801797,-87.64108457
Illinois,41.8678206,-87.62609926
Illinois,41.90374695,-87.62887867
Illinois,41.7997105,-87.5880394
Illinois,41.91329797,-87.67733037
Illinois,41.917731,-87.6600848
Illinois,41.91140323,-87.63506934
Illinois,41.88108438,-87.63511298
Illinois,41.7214399,-87.67996343
Illinois,41.88553203,-87.63522507
Illinois,41.92566683,-87.64948923
Illinois,41.92851792,-87.78722253
Illinois,41.93166629,-87.68637727
Illinois,41.932835,-87.66802509
Illinois,41.89304267,-87.62061535
Illinois,41.877522,-87.636221
Illinois,41.88728772,-87.62484812
Illinois,41.94578589,-87.70913422
Illinois,41.94133968,-87.68876654
Illinois,41.7358824,-87.6260159
Illinois,41.95324305,-87.7449402
Illinois,41.97713526,-87.66040991
Illinois,41.88036398,-87.64086858
Illinois,41.79619333,-87.72356814
Illinois,41.98955173,-87.70556567
Illinois,41.8918108,-87.6284856
Illinois,41.933035,-87.64420581
Illinois,42.00272859,-87.6612195
Illinois,41.8723681,-87.6772381
Illinois,41.75477469,-87.74066387
Illinois,41.88227695,-87.62712131
Illinois,41.77998374,-87.64511749
Illinois,41.8507962,-87.7439411
Illinois,41.78477792,-87.86812297
Illinois,41.64942358,-87.73872793
Illinois,42.2266201,-88.294964
Illinois,39.8979052,-88.9556035
Illinois,42.1671726,-87.8442862
Illinois,41.93143185,-88.77154606
Illinois,41.95327768,-88.72541913
Illinois,41.80818829,-88.01441314
Illinois,41.8352626,-88.025264
Illinois,40.66952945,-89.58376065
Illinois,39.13795422,-88.56590847
Illinois,42.0945929,-88.3364554
Illinois,42.0031253,-88.0049343
Illinois,41.90128794,-87.93955009
Illinois,41.89066715,-87.96134851
Illinois,42.04863976,-87.681254
Illinois,38.59192308,-89.98552975
Illinois,41.50231725,-87.88676836
Illinois,41.93185927,-87.88549358
Illinois,41.87468403,-88.33968801
Illinois,41.85900706,-88.05765158
Illinois,42.10478289,-87.81413174
Illinois,42.10959366,-87.87485957
Illinois,42.38420179,-87.95444163
Illinois,42.04887855,-88.07890191
Illinois,42.0705485,-88.1911205
Illinois,41.63201982,-87.93181137
Illinois,41.568102,-87.636909
Illinois,41.5226269,-88.14753271
Illinois,41.576823,-88.1589
Illinois,42.16132855,-88.04982746
Illinois,41.81775312,-87.87007643
Illinois,42.27901747,-87.87148
Illinois,42.28394187,-87.95382373
Illinois,42.18214408,-87.92907699
Illinois,42.01066901,-87.7121263
Illinois,41.5972833,-88.0171585
Illinois,42.3660778,-89.0234592
Illinois,41.50563002,-87.73330354
Illinois,42.35995962,-88.26646467
Illinois,41.90883228,-87.85005667
Illinois,41.5417749,-87.8513395
Illinois,41.47069454,-90.47969506
Illinois,42.08110867,-87.93567149
Illinois,41.7974401,-88.11870392
Illinois,41.77105968,-88.14767048
Illinois,41.71182346,-88.20511907
Illinois,41.5128149,-87.9508996
Illinois,42.05507314,-87.83558874
Illinois,40.5099181,-88.9547176
Illinois,40.50423995,-88.99498814
Illinois,41.9574872,-87.8075177
Illinois,42.139012,-87.793116
Illinois,41.8484484,-87.9322753
Illinois,41.69188675,-87.74027829
Illinois,41.720041,-87.77652
Illinois,41.88883552,-87.80408722
Illinois,41.84660907,-87.97866641
Illinois,41.61299337,-87.85493802
Illinois,41.70387234,-88.30697779
Illinois,42.13866303,-88.025485
Illinois,42.00997892,-87.82708567
Illinois,40.74307489,-89.63116595
Illinois,41.3605527,-89.126523
Illinois,41.65110161,-88.20422347
Illinois,42.2645637,-88.9806861
Illinois,42.05048433,-87.9941664
Illinois,41.61632566,-88.12274269
Illinois,42.0075698,-87.8854597
Illinois,42.38274371,-88.063565
Illinois,41.920621,-88.265948
Illinois,42.02525728,-88.14369207
Illinois,42.046502,-88.037319
Illinois,42.04026817,-88.03367405
Illinois,42.01133934,-87.76284893
Illinois,42.05226853,-87.74730966
Illinois,41.9856531,-88.3415626
Illinois,41.60022182,-87.60322416
Illinois,39.76447218,-89.70433342
Illinois,41.60079703,-87.79467815
Illinois,42.23253585,-87.94216604
Illinois,41.90590421,-87.98570448
Illinois,41.80168159,-88.17234289
Illinois,42.34231063,-87.89580173
Illinois,42.09973569,-88.28656668
Illinois,41.81055615,-87.9681202
Illinois,41.8581612,-88.139198
Illinois,41.83019973,-88.09378962
Illinois,42.155047,-87.954021
Illinois,41.75866033,-87.94422101
Indiana,39.07814606,-84.88934079
Indiana,39.76289591,-86.33836395
Indiana,39.161408,-86.496584
Indiana,39.16628574,-86.52904216
Indiana,39.97252248,-86.15455608
Indiana,40.00077215,-86.11894651
Indiana,39.22101992,-85.88924752
Indiana,41.422845,-87.334767
Indiana,37.98082541,-87.4920118
Indiana,39.957419,-85.9973187
Indiana,41.07148,-85.19745
Indiana,41.13512203,-85.16191923
Indiana,41.11749543,-85.12841852
Indiana,41.52539695,-87.47048557
Indiana,39.86995693,-86.14149705
Indiana,39.91287552,-86.13427447
Indiana,39.91217454,-86.21840365
Indiana,39.92639591,-86.09033975
Indiana,39.905766,-86.0774544
Indiana,39.7672354,-86.1576752
Indiana,39.7817911,-86.1696717
Indiana,39.914844,-86.110839
Indiana,39.63826257,-86.12946815
Indiana,40.4737515,-86.1087299
Indiana,40.41846821,-86.82954388
Indiana,41.47073699,-87.3108304
Indiana,41.67338095,-86.8933548
Indiana,41.71028083,-86.18070117
Indiana,41.56395894,-87.50844
Indiana,39.99589046,-85.93711365
Indiana,39.71391879,-86.35595402
Indiana,41.55118547,-87.18085139
Indiana,39.83144389,-84.84945815
Indiana,41.6920415,-86.23588573
Indiana,41.628513,-86.252848
Indiana,39.79993664,-86.27169573
Indiana,41.46907373,-87.0301022
Indiana,40.42362985,-86.90715731
Indiana,40.4521423,-86.9153283
Indiana,40.04231,-86.1422871
Iowa,42.01762603,-93.61099249
Iowa,41.70932549,-93.58076896
Iowa,42.0257279,-91.6278471
Iowa,41.57325065,-90.52935653
Iowa,41.62890797,-93.69716401
Iowa,42.4915116,-90.7201539
Iowa,41.6582161,-91.535465
Iowa,42.4457126,-96.3431502
Iowa,41.597695,-93.7502815
Iowa,41.56248262,-93.79937676
Kansas,37.564432,-97.243499
Kansas,39.126454,-94.823311
Kansas,38.94317827,-95.2519726
Kansas,38.97245,-95.29063
Kansas,38.96701842,-95.23631558
Kansas,38.91257157,-94.64321666
Kansas,38.9572525,-94.7266075
Kansas,38.97048613,-94.77272071
Kansas,39.18508015,-96.57609179
Kansas,39.02335888,-94.66488381
Kansas,38.8835246,-94.752395
Kansas,38.91336688,-94.76154981
Kansas,38.8836353,-94.8346776
Kansas,38.85118143,-94.817511
Kansas,38.9539571,-94.7178717
Kansas,38.96353698,-94.66584091
Kansas,38.88505193,-94.66726981
Kansas,38.8541494,-94.68326646
Kansas,38.92795536,-94.69798653
Kansas,39.00357812,-94.6300284
Kansas,38.7985124,-97.6122145
Kansas,39.01417217,-94.72266132
Kansas,39.00816572,-94.84431229
Kansas,39.02951916,-95.76117974
Kansas,37.7218103,-97.36362009
Kansas,37.724112,-97.46327919
Kansas,37.73819057,-97.2453329
Kansas,37.69397589,-97.29946375
Kansas,37.67871226,-97.24504664
Kansas,37.68024308,-97.42445739
Kentucky,36.94281016,-86.42105669
Kentucky,39.01899482,-84.69386044
Kentucky,39.08618131,-84.5189781
Kentucky,39.04748326,-84.57624381
Kentucky,39.02139599,-84.58969733
Kentucky,39.00151276,-84.6527396
Kentucky,38.98875576,-84.64185621
Kentucky,39.0350269,-84.5327955
Kentucky,39.0797356,-84.706754
Kentucky,39.03763026,-84.45474513
Kentucky,38.01731089,-84.41832707
Kentucky,38.00529378,-84.44938886
Kentucky,38.04270175,-84.50268634
Kentucky,37.9876015,-84.52759619
Kentucky,38.2940251,-85.56013987
Kentucky,38.23896777,-85.72137782
Kentucky,38.24315031,-85.50876769
Kentucky,38.25317785,-85.7569861
Kentucky,38.2401657,-85.57749304
Kentucky,39.08709908,-84.47793181
Kentucky,38.9618492,-84.6786041
Louisiana,30.41797443,-91.17676363
Louisiana,32.5502048,-93.70878142
Louisiana,30.2120828,-90.9500716
Louisiana,29.96001663,-90.18447917
Louisiana,30.16178704,-92.05396746
Louisiana,30.3944473,-90.092254
Louisiana,30.00304649,-90.1624763
Louisiana,29.9262443,-90.0830885
Louisiana,32.44137302,-93.7182552
Louisiana,30.2686413,-89.7595959
Maine,44.34477644,-69.78859516
Maine,44.82935604,-68.75374997
Maine,43.660568,-70.266672
Maine,43.63497256,-70.33784503
Maine,43.67755647,-70.32975335
Maryland,38.9875341,-76.5470394
Maryland,38.97779087,-76.48781124
Maryland,39.07673855,-77.08003887
Maryland,39.337918,-76.63549783
Maryland,39.304273,-76.615942
Maryland,39.282066,-76.5824996
Maryland,39.38468044,-76.688784
Maryland,39.28670811,-76.61954139
Maryland,39.327126,-76.615604
Maryland,39.287132,-76.5481764
Maryland,39.367853,-76.45183705
Maryland,39.2869109,-76.6076083
Maryland,39.372166,-76.610238
Maryland,39.27137972,-76.60113313
Maryland,39.1794142,-76.6710311
Maryland,39.49555446,-76.32775172
Maryland,39.025392,-77.1268395
Maryland,39.02284,-77.14688
Maryland,38.98574474,-77.09621984
Maryland,38.95485114,-76.82841758
Maryland,38.977758,-76.735053
Maryland,38.94448343,-76.73512773
Maryland,38.66927556,-76.87698607
Maryland,38.840009,-76.94731
Maryland,38.86975679,-76.84786351
Maryland,38.96223903,-77.0885853
Maryland,38.76758645,-76.88793641
Maryland,39.02266088,-76.925788
Maryland,38.98036053,-76.93895815
Maryland,39.215549,-76.860388
Maryland,39.20076034,-76.8129621
Maryland,39.288788,-77.202484
Maryland,38.72415631,-76.65890826
Maryland,38.79391189,-76.05938579
Maryland,38.94317074,-76.56211549
Maryland,39.2774087,-76.8259278
Maryland,39.5614324,-76.3730515
Maryland,38.8461879,-76.8852673
Maryland,39.37431783,-77.41217209
Maryland,39.44543318,-77.39736336
Maryland,39.416477,-77.437971
Maryland,39.14962294,-76.90973968
Maryland,39.11639809,-77.19833153
Maryland,39.1485003,-77.21034726
Maryland,39.12463464,-77.23705385
Maryland,39.03805526,-76.68011711
Maryland,39.18254745,-77.26392329
Maryland,39.203588,-77.24782
Maryland,39.1357911,-76.5971114
Maryland,39.19465917,-76.61408049
Maryland,38.99861629,-76.91215084
Maryland,39.65965627,-77.74470581
Maryland,39.1532887,-76.72458766
Maryland,39.49666394,-76.65439868
Maryland,38.968332,-76.957459
Maryland,38.9557641,-76.93991471
Maryland,39.0279113,-77.0767603
Maryland,38.546985,-76.9844958
Maryland,38.9213721,-76.8463498
Maryland,39.08520707,-76.86234769
Maryland,39.097909,-76.80889
Maryland,38.29199297,-76.49364679
Maryland,39.2021657,-76.6836881
Maryland,39.43269548,-76.62327665
Maryland,39.3645528,-77.1601025
Maryland,38.95776506,-76.86997492
Maryland,38.3358624,-75.101551
Maryland,39.15319846,-77.06617601
Maryland,39.41260254,-76.772226
Maryland,38.78456502,-77.01677047
Maryland,38.80364579,-76.99167197
Maryland,39.37319054,-76.54258163
Maryland,39.38834729,-76.73605543
Maryland,39.0166613,-77.2089559
Maryland,38.54466172,-76.59210095
Maryland,39.04970769,-77.1155534
Maryland,39.09648633,-77.19264663
Maryland,39.07526384,-77.13780428
Maryland,39.33537699,-76.4850603
Maryland,38.3496949,-75.60263988
Maryland,38.40314224,-75.56972901
Maryland,39.07750803,-76.54460863
Maryland,39.02094875,-77.01183548
Maryland,39.021908,-76.976732
Maryland,39.0555046,-76.9549331
Maryland,38.9966311,-77.0261864
Maryland,39.39860347,-76.93320896
Maryland,39.40038945,-76.60287416
Maryland,39.39828522,-76.58570496
Maryland,38.89993308,-76.7916921
Maryland,38.622815,-76.913427
Maryland,39.56205587,-76.971611
Maryland,39.036633,-77.054969
Maryland,39.312568,-76.755543
Massachusetts,41.923616,-71.356089
Massachusetts,42.48626123,-71.2626348
Massachusetts,42.57587813,-70.89119601
Massachusetts,42.58045134,-71.28815315
Massachusetts,42.35340097,-71.05809176
Massachusetts,42.3446571,-71.1008254
Massachusetts,42.35754931,-71.05842906
Massachusetts,42.35104803,-71.04572392
Massachusetts,42.3506571,-71.0761336
Massachusetts,42.35175378,-71.06697289
Massachusetts,42.2207521,-71.0254706
Massachusetts,42.3364117,-71.1495791
Massachusetts,42.09356165,-71.05460064
Massachusetts,42.35065776,-71.11466163
Massachusetts,42.4861545,-71.2127228
Massachusetts,42.36860637,-71.07658479
Massachusetts,42.38926328,-71.14341554
Massachusetts,42.3625408,-71.0856023
Massachusetts,42.36482061,-71.10327575
Massachusetts,42.625005,-71.362317
Massachusetts,42.17270365,-72.5775908
Massachusetts,42.2576406,-71.167616
Massachusetts,42.32573389,-71.06219621
Massachusetts,42.0650622,-72.5150848
Massachusetts,42.3001226,-71.3937061
Massachusetts,42.09008296,-71.42173183
Massachusetts,42.356924,-72.553844
Massachusetts,42.8140687,-71.1016309
Massachusetts,42.1785378,-70.9094917
Massachusetts,42.17505622,-72.64153989
Massachusetts,41.667623,-70.295635
Massachusetts,42.5333681,-71.7435946
Massachusetts,42.015969,-71.231264
Massachusetts,42.338815,-71.59159667
Massachusetts,42.40599937,-71.08285075
Massachusetts,42.74400605,-71.15655965
Massachusetts,42.14871568,-71.48807082
Massachusetts,42.3020234,-71.3598359
Massachusetts,42.307846,-71.215047
Massachusetts,42.6760529,-71.1317931
Massachusetts,41.63947571,-70.99168798
Massachusetts,42.16446028,-71.19962362
Massachusetts,42.540819,-70.944132
Massachusetts,41.9528203,-70.7110798
Massachusetts,42.27258365,-71.02726493
Massachusetts,42.165751,-71.045489
Massachusetts,41.90581721,-71.04957896
Massachusetts,42.5196617,-71.0922519
Massachusetts,42.479612,-71.02111
Massachusetts,41.8030476,-71.3387809
Massachusetts,42.27543021,-71.7497546
Massachusetts,42.39590337,-71.12241879
Massachusetts,42.4817731,-70.9037891
Massachusetts,42.37576085,-71.25284611
Massachusetts,42.41319,-71.233792
Massachusetts,42.3615737,-71.1599528
Massachusetts,42.09572876,-72.59997952
Massachusetts,42.2855691,-71.6086093
Massachusetts,42.5666153,-71.4227983
Massachusetts,42.2045389,-71.15359339
Massachusetts,42.516557,-71.137859
Massachusetts,42.28218935,-71.80815703
Michigan,41.8757218,-84.0425636
Michigan,42.28295078,-83.20371499
Michigan,42.27931652,-83.74052149
Michigan,42.25544844,-83.69323346
Michigan,42.2406456,-83.745292
Michigan,42.60749877,-83.30030206
Michigan,42.5409873,-83.7859023
Michigan,42.32300012,-83.45958374
Michigan,42.6741082,-82.8295619
Michigan,42.73373708,-84.47725644
Michigan,42.97665471,-83.76849868
Michigan,43.02326477,-85.68837438
Michigan,42.8492001,-85.6258914
Michigan,42.8843164,-85.7397539
Michigan,42.81533813,-86.08912205
Michigan,42.29539506,-85.6552813
Michigan,42.9120122,-85.5782809
Michigan,42.74021655,-84.63416705
Michigan,42.53388882,-83.10599656
Michigan,43.585297,-84.767941
Michigan,42.42403597,-83.43379693
Michigan,42.48367931,-83.47418976
Michigan,42.70905485,-83.30657175
Michigan,42.23062,-85.590182
Michigan,42.64202853,-83.13134788
Michigan,42.68162222,-83.19252816
Michigan,42.53585492,-82.91247584
Michigan,42.5307049,-83.1979459
Michigan,43.47945585,-83.970047
Michigan,42.6697843,-82.9957531
Michigan,42.48171256,-83.24163924
Michigan,42.49780847,-83.28422198
Michigan,42.62641899,-82.98786882
Michigan,42.5543322,-83.0289745
Michigan,42.1971736,-83.257584
Michigan,42.56359331,-83.16820232
Michigan,42.51430448,-83.04767732
Michigan,42.5390724,-83.35992578
Michigan,42.14021839,-83.22505901
Minnesota,44.7311427,-93.2193797
Minnesota,46.3577455,-94.2449344
Minnesota,45.160496,-93.23381
Minnesota,45.12726283,-93.2567374
Minnesota,44.81120291,-93.32912697
Minnesota,44.85429018,-93.24178027
Minnesota,45.05913002,-93.32097113
Minnesota,45.12458378,-93.35660379
Minnesota,45.09413543,-93.38319736
Minnesota,44.74752605,-93.28876237
Minnesota,45.1583053,-93.3908094
Minnesota,44.8593644,-93.5344897
Minnesota,44.8344945,-93.6010504
Minnesota,45.06269663,-93.24830225
Minnesota,45.1823236,-93.3209547
Minnesota,45.1987447,-93.354802
Minnesota,44.83284674,-92.95762394
Minnesota,45.05518923,-93.36479357
Minnesota,46.803949,-92.159416
Minnesota,44.790692,-93.211819
Minnesota,44.83597001,-93.15195868
Minnesota,44.85922235,-93.44283416
Minnesota,44.87921778,-93.32052467
Minnesota,45.30126489,-93.55510212
Minnesota,45.27829914,-92.99819927
Minnesota,44.98440611,-93.38110203
Minnesota,44.73886021,-92.89264836
Minnesota,44.92422978,-93.40994775
Minnesota,44.694167,-93.285956
Minnesota,44.1461964,-93.99404369
Minnesota,44.16620198,-93.95139876
Minnesota,45.0956686,-93.4413255
Minnesota,45.13359668,-93.47686957
Minnesota,45.0104019,-93.0238813
Minnesota,45.03555497,-93.01952872
Minnesota,44.97364847,-93.27538079
Minnesota,44.9771056,-93.2677017
Minnesota,44.98803238,-93.25693291
Minnesota,44.97285733,-93.24767683
Minnesota,44.95535181,-93.29721966
Minnesota,45.0387921,-93.2201568
Minnesota,44.9474206,-93.3212314
Minnesota,44.97838404,-93.27192157
Minnesota,44.9734288,-93.2269503
Minnesota,44.89377503,-93.41965436
Minnesota,44.96732781,-93.43799032
Minnesota,44.91804001,-93.50243178
Minnesota,45.0356191,-92.83744055
Minnesota,45.020568,-93.48255654
Minnesota,44.88395818,-93.2485156
Minnesota,44.86401479,-93.28887552
Minnesota,44.004922,-92.465099
Minnesota,44.0627528,-92.50005498
Minnesota,45.20067478,-93.55394364
Minnesota,44.73125843,-93.13323361
Minnesota,45.0231874,-93.1677619
Minnesota,45.01258217,-93.17024667
Minnesota,45.55865038,-94.15651312
Minnesota,45.55138657,-94.20620861
Minnesota,44.91745241,-93.18851835
Minnesota,44.94661233,-93.0957015
Minnesota,44.9402631,-93.1365664
Minnesota,44.74925657,-93.38040927
Minnesota,44.77628681,-93.4141124
Minnesota,45.05806913,-93.14349836
Minnesota,44.93177129,-93.34888707
Minnesota,45.052019,-93.063405
Minnesota,44.97145356,-93.49667614
Minnesota,44.89014402,-93.08115497
Minnesota,44.92477538,-92.95509566
Minnesota,44.9446016,-92.9047127
Mississippi,34.36357602,-89.5593472
Mississippi,34.96313576,-89.99041156
Missouri,38.8140062,-94.51008905
Missouri,39.02587501,-94.24831717
Missouri,38.75069737,-90.42787307
Missouri,38.64323616,-90.56492599
Missouri,38.65044733,-90.3384295
Missouri,38.96085,-92.37059
Missouri,38.94742999,-92.30004812
Missouri,38.94797325,-92.3274125
Missouri,38.67270483,-90.43588206
Missouri,38.599665,-90.446889
Missouri,38.59218926,-90.58439777
Missouri,38.80460406,-90.30859845
Missouri,38.90203714,-94.52527398
Missouri,39.0336853,-94.35792528
Missouri,38.57881916,-92.19271097
Missouri,37.084891,-94.4767
Missouri,38.9430995,-94.6076916
Missouri,38.88891618,-94.60734759
Missouri,39.09736789,-94.58247425
Missouri,39.05705036,-94.60563781
Missouri,39.1954947,-94.5799939
Missouri,39.04657541,-94.44696199
Missouri,39.1735676,-94.5355574
Missouri,39.03890503,-94.58687934
Missouri,38.99232773,-94.59544315
Missouri,39.20955724,-94.64581918
Missouri,39.2531169,-94.6539736
Missouri,39.24772722,-94.46593684
Missouri,38.56253977,-90.40729036
Missouri,38.92863602,-94.40902597
Missouri,38.92130874,-94.3597436
Missouri,38.78051255,-90.69898105
Missouri,38.99439833,-94.47454979
Missouri,39.81365485,-94.81386638
Missouri,38.62637694,-90.33459455
Missouri,38.6326199,-90.23385582
Missouri,37.2097424,-93.27558197
Missouri,37.15302384,-93.29515943
Missouri,38.77232131,-93.73592333
Montana,45.78437259,-108.5568603
Montana,45.6797178,-111.0628748
Montana,46.8921789,-114.0400163
Nebraska,41.15789502,-95.93476613
Nebraska,40.815612,-96.701898
Nebraska,40.7392594,-96.67944421
Nebraska,40.81312458,-96.64012233
Nebraska,41.23373805,-96.12035689
Nebraska,41.25874199,-96.02317984
Nebraska,41.23366727,-96.19200785
Nebraska,41.2613827,-95.9801472
Nebraska,41.29172646,-96.1428879
Nebraska,41.1624055,-96.0233141
Nevada,39.154026,-119.7666478
Nevada,36.00347677,-115.1105019
Nevada,36.06314949,-115.0434494
Nevada,36.0412618,-114.9784245
Nevada,36.16200607,-115.0626204
Nevada,36.14391577,-115.2062551
Nevada,36.127337,-115.173096
Nevada,36.121453,-115.168674
Nevada,36.1200911,-115.1717584
Nevada,36.1148582,-115.1554133
Nevada,36.1091641,-115.1711529
Nevada,36.03965691,-115.1906872
Nevada,36.107068,-115.136939
Nevada,36.09914194,-115.2966713
Nevada,36.08543691,-115.1195059
Nevada,36.27176283,-115.2072663
Nevada,36.29136203,-115.2874693
Nevada,36.19523662,-115.2477458
Nevada,36.06365525,-115.2520469
Nevada,36.05606714,-115.1715767
Nevada,36.1632637,-115.1588763
Nevada,36.02212781,-115.1180594
Nevada,36.14478528,-115.2973929
Nevada,36.1955108,-115.1190002
Nevada,36.2402359,-115.1162231
Nevada,39.5322903,-119.865376
Nevada,39.43872085,-119.7612026
Nevada,39.47746861,-119.7931619
Nevada,39.5339887,-119.7181422
New Hampshire,42.95644296,-71.47796523
New Hampshire,43.22450936,-71.49008125
New Hampshire,43.2155466,-70.8800323
New Hampshire,42.92517207,-72.28979358
New Hampshire,42.9633032,-71.4416697
New Hampshire,42.758938,-71.4647635
New Hampshire,42.78285073,-71.50485845
New Hampshire,43.09457037,-70.79909199
New Jersey,40.64419307,-74.57722823
New Jersey,40.7204005,-74.5636559
New Jersey,40.78182252,-74.19175628
New Jersey,40.576618,-74.55912
New Jersey,40.05892852,-74.14229529
New Jersey,40.5829233,-74.6144108
New Jersey,39.92744047,-75.03187636
New Jersey,39.9890181,-75.0097218
New Jersey,40.63275056,-74.30508785
New Jersey,40.83005667,-74.1379235
New Jersey,40.97000219,-73.95509991
New Jersey,39.84181082,-75.09241701
New Jersey,40.43526124,-74.39035753
New Jersey,40.8034679,-74.3627386
New Jersey,40.83113323,-74.08911339
New Jersey,40.28991071,-74.05257432
New Jersey,40.8069993,-73.9901349
New Jersey,40.547948,-74.335887
New Jersey,40.89534785,-73.97619533
New Jersey,40.861233,-73.970523
New Jersey,40.24433084,-74.29943479
New Jersey,40.9095913,-74.0312289
New Jersey,40.49904913,-74.64523441
New Jersey,40.73959947,-74.02998079
New Jersey,40.41524126,-74.15871732
New Jersey,40.13435687,-74.22297763
New Jersey,40.7306299,-74.0636592
New Jersey,40.72681878,-74.03526734
New Jersey,40.759721,-74.15983
New Jersey,40.29837426,-74.68467227
New Jersey,40.8911136,-74.07195719
New Jersey,40.7601168,-74.4167983
New Jersey,39.704554,-74.275422
New Jersey,39.87755808,-74.91937826
New Jersey,39.9062371,-74.9363638
New Jersey,39.45118213,-74.63772249
New Jersey,40.54085387,-74.36603543
New Jersey,41.051032,-74.06184273
New Jersey,39.9463794,-74.9595837
New Jersey,40.84501457,-74.46741316
New Jersey,39.96992593,-74.91403547
New Jersey,40.49608013,-74.44389512
New Jersey,40.706435,-74.40451
New Jersey,40.73476014,-74.17034736
New Jersey,40.46145446,-74.457146
New Jersey,40.917588,-74.076404
New Jersey,40.957659,-74.075736
New Jersey,40.91928992,-74.06484149
New Jersey,40.86189199,-74.38771204
New Jersey,40.3109783,-74.6613585
New Jersey,41.07066761,-74.13941381
New Jersey,40.35073914,-74.06996564
New Jersey,40.907218,-74.554014
New Jersey,40.13799764,-74.06170586
New Jersey,40.78756311,-74.0457996
New Jersey,39.7346155,-75.0078599
New Jersey,40.55451314,-74.43135649
New Jersey,40.68712191,-74.31576966
New Jersey,40.71862732,-74.32950032
New Jersey,40.8606228,-74.0619118
New Jersey,39.98432404,-74.18058696
New Jersey,40.68581167,-74.23265167
New Jersey,39.85315085,-74.98253972
New Jersey,40.6429201,-74.4126248
New Jersey,40.8887162,-74.25201345
New Jersey,40.85022768,-74.29402782
New Jersey,40.8052367,-74.2481487
New Jersey,40.65102192,-74.34931696
New Jersey,40.53607398,-74.29641439
New Mexico,35.08057225,-106.6168657
New Mexico,35.20453246,-106.6499649
New Mexico,35.12325776,-106.7012892
New Mexico,35.10886241,-106.5685222
New Mexico,35.17493881,-106.5749713
New Mexico,34.43428475,-103.1958185
New Mexico,36.76795107,-108.1477205
New Mexico,32.31489248,-106.7436181
New Mexico,35.6778052,-105.952948
New York,42.716029,-73.809998
New York,42.682911,-73.838426
New York,42.6542507,-73.7730512
New York,42.99971951,-78.81943605
New York,40.7594259,-73.918436
New York,40.736432,-73.24763
New York,40.7648267,-73.0925717
New York,40.8845662,-73.90047376
New York,40.868854,-73.82627
New York,40.8258905,-73.9195343
New York,40.84142108,-73.84374094
New York,40.86033459,-73.89050734
New York,40.8239054,-73.8381994
New York,40.69359155,-73.98638792
New York,40.71662536,-73.96054437
New York,40.60849876,-73.95935606
New York,40.68922533,-73.99282465
New York,40.67117976,-73.97771266
New York,40.69434931,-73.99183062
New York,40.63199766,-73.94781767
New York,40.62640517,-73.9169756
New York,40.58330246,-73.98677546
New York,40.67722506,-73.97219397
New York,40.6930231,-73.9702073
New York,40.62204283,-74.02667152
New York,40.6899125,-73.9839628
New York,40.610484,-73.918934
New York,40.70002983,-73.94096755
New York,42.78938257,-78.81497509
New York,40.74355704,-73.61803874
New York,41.3169256,-74.1259455
New York,42.90753759,-78.77423781
New York,43.15505176,-76.12227559
New York,42.8601823,-73.7803062
New York,40.80724232,-73.29384585
New York,40.76463444,-73.30658445
New York,41.00201897,-73.85746069
New York,40.72452264,-73.55054444
New York,40.83911072,-73.31525126
New York,40.73464194,-73.86971154
New York,40.70759532,-73.70235479
New York,40.726012,-73.4234
New York,41.527889,-73.893887
New York,40.7204886,-73.8459915
New York,40.738202,-73.613312
New York,40.78546844,-73.72738571
New York,40.82807993,-73.20138143
New York,40.807172,-73.23777946
New York,40.77439973,-73.52764727
New York,40.65728692,-73.83981151
New York,40.8148082,-73.4109988
New York,42.43014787,-76.508228
New York,40.7559426,-73.8802379
New York,40.7037085,-73.7989613
New York,41.96648043,-73.99000456
New York,40.87006244,-73.12832897
New York,40.8322304,-73.0891361
New York,42.755717,-73.775954
New York,40.62740132,-73.73754595
New York,40.72599227,-73.50081555
New York,40.76527093,-73.72536724
New York,43.18380787,-76.24673992
New York,40.74722749,-73.94164882
New York,40.65563271,-73.54969777
New York,41.45511,-74.38352
New York,40.74471294,-73.65613665
New York,41.3183737,-73.859149
New York,41.216388,-73.721859
New York,43.0954075,-75.3057106
New York,40.7580426,-73.6892544
New York,40.7020262,-74.01186895
New York,40.70679621,-74.0070371
New York,40.7626301,-73.9661427
New York,40.7099267,-74.0065609
New York,40.76663836,-73.96253371
New York,40.73421976,-73.98882428
New York,40.73984,-73.98513
New York,40.76598662,-73.95704657
New York,40.759429,-73.982606
New York,40.7636947,-73.9779751
New York,40.75311578,-73.9867884
New York,40.74205884,-74.00121809
New York,40.77770624,-73.95446383
New York,40.75217021,-73.97406616
New York,40.757417,-73.9709456
New York,40.70429678,-74.01295797
New York,40.728274,-74.005063
New York,40.7862055,-73.9778816
New York,40.74427338,-73.98787092
New York,40.76606366,-73.98289942
New York,40.7561264,-73.9808141
New York,40.77883407,-73.98122333
New York,40.75135987,-73.98072137
New York,40.71504295,-74.01102996
New York,40.752712,-73.98330394
New York,40.71460661,-74.00633473
New York,40.74605833,-73.99397006
New York,40.804515,-73.9668
New York,40.7329583,-73.9808002
New York,40.75232405,-73.99432821
New York,40.757492,-73.974354
New York,40.71070271,-74.01636963
New York,40.748524,-73.9866615
New York,40.84150081,-73.93987635
New York,40.71876249,-74.00211322
New York,40.7336055,-73.99992575
New York,40.74546475,-73.98286628
New York,40.75314435,-73.9888012
New York,40.73646516,-73.99717597
New York,40.73116193,-73.99343678
New York,40.75565187,-73.99124533
New York,40.74414353,-73.97587175
New York,40.75953101,-73.99154201
New York,40.72609069,-73.9965334
New York,40.74175806,-73.99337034
New York,40.72266954,-73.99752314
New York,40.807292,-73.94508
New York,40.7949232,-73.9657893
New York,40.76307842,-73.98529387
New York,40.7289206,-73.9936027
New York,40.75398181,-73.98157358
New York,40.75895732,-73.96879641
New York,43.09690315,-78.97385634
New York,40.63451006,-73.63969227
New York,40.77872965,-73.03307648
New York,40.893607,-73.821011
New York,44.69441608,-73.48679102
New York,40.9196375,-73.041781
New York,43.33271807,-73.67539969
New York,40.7332441,-73.8638964
New York,42.64154629,-73.70188803
New York,40.92555943,-72.69211713
New York,43.12342825,-77.61781149
New York,43.19859594,-77.57749206
New York,43.2064842,-77.67839132
New York,43.1013363,-77.53904
New York,43.0875383,-77.6253022
New York,41.00357218,-73.68328069
New York,43.10386429,-73.74124601
New York,42.7732494,-73.8939578
New York,40.868209,-73.02474
New York,40.56789769,-74.11147005
New York,40.581662,-74.16773
New York,40.809898,-73.500505
New York,43.04183357,-76.13585423
New York,43.04287582,-76.06849201
New York,43.0477861,-76.2372807
New York,42.98015747,-78.86930143
New York,40.7179658,-73.59214382
New York,40.6607513,-73.7211685
New York,42.09278824,-75.95278785
New York,43.0209515,-77.4393727
New York,40.69371638,-73.50895482
New York,43.977241,-75.946638
New York,43.213651,-77.44913
New York,41.097919,-73.957938
New York,41.03322728,-73.76439369
New York,41.04256191,-73.79951514
New York,42.9856499,-78.6975413
New York,40.9268481,-73.8536643
North Carolina,35.74636,-78.829546
North Carolina,35.50460805,-82.52393029
North Carolina,35.587011,-82.5875551
North Carolina,36.19926848,-81.65796806
North Carolina,36.0735942,-79.4923027
North Carolina,35.76522739,-78.78389897
North Carolina,35.76047849,-78.74099628
North Carolina,35.93619845,-79.02399032
North Carolina,35.91137933,-79.0595824
North Carolina,35.0525332,-80.7683994
North Carolina,35.20742897,-80.86027474
North Carolina,35.13921899,-80.93550541
North Carolina,35.21377108,-80.83344215
North Carolina,35.1709934,-80.8073906
North Carolina,35.22536753,-80.8461833
North Carolina,35.18149926,-80.91559672
North Carolina,35.15286714,-80.83275382
North Carolina,35.29059331,-80.76607833
North Carolina,35.08811137,-80.85093461
North Carolina,35.06126656,-80.81444152
North Carolina,35.31328412,-80.74320227
North Carolina,35.34879799,-80.8577552
North Carolina,35.43796087,-80.6055451
North Carolina,35.372166,-80.722589
North Carolina,36.0091029,-78.9447203
North Carolina,35.95307267,-78.99224036
North Carolina,36.04080009,-78.89899002
North Carolina,35.87656565,-78.85065885
North Carolina,35.9049326,-78.9424584
North Carolina,35.06852444,-78.9671438
North Carolina,35.125971,-78.879958
North Carolina,35.5927126,-78.77433026
North Carolina,35.69730667,-78.58499433
North Carolina,35.26016449,-81.13311335
North Carolina,35.3748227,-77.94559256
North Carolina,36.0913086,-79.8142686
North Carolina,36.06747905,-79.80532287
North Carolina,36.05578325,-79.90414602
North Carolina,35.5843138,-77.37091633
North Carolina,35.70735211,-81.30824887
North Carolina,35.98544176,-80.02523034
North Carolina,36.03263014,-79.95840003
North Carolina,35.44364312,-80.87894994
North Carolina,34.78646178,-77.40266117
North Carolina,36.1083498,-80.097596
North Carolina,35.12467569,-80.70819174
North Carolina,35.00922581,-80.56364479
North Carolina,35.59541586,-80.87568099
North Carolina,35.80699294,-78.81516062
North Carolina,35.1029235,-77.08543289
North Carolina,35.08232181,-80.8772785
North Carolina,35.78765912,-78.66679
North Carolina,35.72209973,-78.65235203
North Carolina,35.84019241,-78.64337115
North Carolina,35.86819552,-78.58346128
North Carolina,35.866128,-78.620083
North Carolina,35.8603154,-78.7077145
North Carolina,35.90190159,-78.65489658
North Carolina,35.65237649,-80.45673106
North Carolina,35.50617259,-78.32165195
North Carolina,35.9661297,-78.5439532
North Carolina,34.21366403,-77.90190872
North Carolina,34.2426083,-77.8283732
North Carolina,36.0692941,-80.29812767
North Carolina,35.5514663,-77.4051276
Ohio,41.02790582,-81.46213527
Ohio,41.07289346,-81.51347542
Ohio,41.13539324,-81.63776706
Ohio,40.9827893,-81.4938994
Ohio,41.09709298,-81.54395431
Ohio,40.90139783,-81.12899064
Ohio,39.04726795,-84.24681553
Ohio,41.416947,-82.208402
Ohio,39.073006,-84.3462917
Ohio,40.86026612,-82.271149
Ohio,41.8774014,-80.7580821
Ohio,39.32796146,-82.10158465
Ohio,41.0985901,-80.7660809
Ohio,41.45873858,-82.01835092
Ohio,41.009865,-81.58945783
Ohio,39.77617086,-84.07530175
Ohio,39.77095706,-84.052992
Ohio,39.69480046,-84.10336223
Ohio,40.33749,-83.7614974
Ohio,39.95735182,-82.93242613
Ohio,39.27180495,-84.3762919
Ohio,41.02380728,-80.64350707
Ohio,41.373947,-83.624638
Ohio,41.3140926,-81.654662
Ohio,41.42312137,-81.75936569
Ohio,41.23781288,-81.80684978
Ohio,39.99711963,-81.57533674
Ohio,39.85484288,-82.82508836
Ohio,41.025349,-80.735828
Ohio,40.795721,-81.42474845
Ohio,40.85522099,-81.43291883
Ohio,39.36161933,-82.97699048
Ohio,39.10217898,-84.51263522
Ohio,39.1282987,-84.5205554
Ohio,39.25324036,-84.42625921
Ohio,39.13505782,-84.50274094
Ohio,39.30306422,-84.52276246
Ohio,39.14531818,-84.43186708
Ohio,39.09286441,-84.2637821
Ohio,39.07219118,-84.31225538
Ohio,39.09393008,-84.61612293
Ohio,39.13108,-84.610319
Ohio,39.143068,-84.387327
Ohio,39.19105663,-84.65646681
Ohio,39.15151258,-84.62830399
Ohio,39.2019676,-84.3772245
Ohio,39.2040821,-84.3681622
Ohio,39.21947,-84.5186505
Ohio,39.24308989,-84.59408282
Ohio,39.581747,-82.952307
Ohio,41.5097942,-81.6039616
Ohio,41.48785,-81.76846
Ohio,41.45024886,-81.8140882
Ohio,41.49939939,-81.69167679
Ohio,41.46009421,-81.69037102
Ohio,39.98275727,-83.00445861
Ohio,40.1439203,-82.9893933
Ohio,39.91983489,-83.12635584
Ohio,39.99753489,-83.00736574
Ohio,40.0597481,-82.96899877
Ohio,40.11773619,-83.01012958
Ohio,40.087333,-82.965504
Ohio,40.005813,-83.00895359
Ohio,40.02045311,-83.06043569
Ohio,39.969775,-83.004346
Ohio,40.0491485,-82.91385938
Ohio,40.05396247,-83.02027016
Ohio,40.05590342,-82.86621387
Ohio,39.9525891,-83.1287653
Ohio,39.95205681,-82.9984294
Ohio,40.0769191,-83.1313756
Ohio,40.10210356,-83.09053581
Ohio,39.98065446,-82.82173003
Ohio,40.0625861,-83.0412086
Ohio,41.277554,-80.774132
Ohio,41.1481511,-81.5076104
Ohio,41.11957552,-81.47943899
Ohio,39.74160516,-84.18259526
Ohio,39.65225675,-84.10939257
Ohio,39.8455692,-84.19280281
Ohio,40.26813078,-83.07123748
Ohio,40.104,-83.157366
Ohio,41.3970033,-82.10653417
Ohio,39.85832562,-84.27767377
Ohio,41.609881,-81.525957
Ohio,39.3358675,-84.5268158
Ohio,39.3899584,-84.5043224
Ohio,41.46136194,-81.85297185
Ohio,41.05554497,-83.59105625
Ohio,40.01964915,-82.86678596
Ohio,41.40948796,-81.61633729
Ohio,39.9889199,-83.04120537
Ohio,39.8782532,-83.04231546
Ohio,39.8405768,-83.0862174
Ohio,39.424324,-84.5954963
Ohio,39.26054519,-84.79318547
Ohio,40.03836012,-82.42993193
Ohio,41.53935496,-81.45353733
Ohio,39.98917762,-83.15218629
Ohio,40.02961381,-83.11614402
Ohio,41.61259708,-83.70146681
Ohio,39.8656141,-84.13858918
Ohio,41.24025406,-81.44536299
Ohio,41.39636508,-81.6421109
Ohio,39.61825954,-83.60394556
Ohio,41.099788,-81.38592
Ohio,41.15414338,-81.35177518
Ohio,39.68475611,-84.1682012
Ohio,41.48476914,-81.80115792
Ohio,39.7136112,-82.5774516
Ohio,39.73145841,-82.61392342
Ohio,39.37778987,-84.37763786
Ohio,40.77075865,-84.16445974
Ohio,39.25133187,-84.29726684
Ohio,41.50374759,-81.50227434
Ohio,40.69142042,-82.51252737
Ohio,40.58084383,-83.083078
Ohio,40.23671975,-83.35010154
Ohio,39.35649936,-84.25908591
Ohio,39.2995649,-84.3143522
Ohio,40.79579139,-81.52733153
Ohio,41.57881479,-83.66411326
Ohio,41.5251389,-81.43710508
Ohio,41.13556245,-81.79870278
Ohio,41.15054366,-81.86383436
Ohio,41.65780096,-81.37706733
Ohio,41.67660686,-81.31000446
Ohio,39.5970121,-84.2314135
Ohio,41.37149836,-81.8264571
Ohio,39.18739628,-84.26005058
Ohio,39.440073,-84.330662
Ohio,40.39967717,-82.45933414
Ohio,40.09356367,-82.82354619
Ohio,40.4922791,-81.4720985
Ohio,40.08348415,-82.42720696
Ohio,40.89243975,-81.40486747
Ohio,41.41819244,-81.91635322
Ohio,41.386266,-81.974659
Ohio,41.31252397,-81.52305134
Ohio,39.1571681,-84.4576647
Ohio,39.86805094,-82.93656332
Ohio,40.77318864,-82.58981117
Ohio,41.63640278,-83.47841837
Ohio,39.51031133,-84.74267472
Ohio,41.72503302,-81.24837338
Ohio,41.66226127,-81.24063036
Ohio,41.36190553,-81.68551993
Ohio,41.38412076,-81.73831607
Ohio,41.54849501,-83.6006801
Ohio,39.91560892,-82.78091607
Ohio,40.16499833,-83.02077878
Ohio,40.15654754,-83.09048033
Ohio,41.1575806,-81.2282715
Ohio,39.92796516,-82.82984416
Ohio,39.94069081,-82.79105578
Ohio,40.07177963,-80.8666997
Ohio,41.4163382,-82.6715406
Ohio,39.29261885,-84.39264368
Ohio,41.42450542,-82.07805649
Ohio,40.2871388,-84.184474
Ohio,41.38534241,-81.44051028
Ohio,41.50172436,-81.53837532
Ohio,39.56325984,-84.26526799
Ohio,39.28974432,-84.46611473
Ohio,39.95118459,-83.82995525
Ohio,41.15609447,-81.40582006
Ohio,41.25095568,-81.36343595
Ohio,41.30622621,-81.83451669
Ohio,41.30964764,-81.81971997
Ohio,41.11258696,-83.20168679
Ohio,41.67673252,-83.62325037
Ohio,41.69330878,-83.64563705
Ohio,41.67301153,-83.71637902
Ohio,40.0564519,-84.24326294
Ohio,41.3080561,-81.43899367
Ohio,40.9588459,-81.4639707
Ohio,41.04965444,-81.72966887
Ohio,41.2175495,-80.7411911
Ohio,41.44818154,-81.49584952
Ohio,39.62883863,-84.18922023
Ohio,39.35314694,-84.36174618
Ohio,39.36013158,-84.46023277
Ohio,39.32505995,-84.43025942
Ohio,40.1462606,-82.92275457
Ohio,40.10891797,-82.92577602
Ohio,41.4645691,-81.9518695
Ohio,39.97438804,-82.89877784
Ohio,41.62678819,-81.42961772
Ohio,41.46274633,-81.4806345
Ohio,40.84964834,-81.94712358
Ohio,39.68966548,-83.96204043
Ohio,41.10531319,-80.64532405
Ohio,39.98919009,-82.02362955
Oklahoma,35.63763055,-97.48439377
Oklahoma,35.3201917,-97.499842
Oklahoma,35.23879744,-97.48144949
Oklahoma,35.21175695,-97.44350277
Oklahoma,35.61487005,-97.55006708
Oklahoma,35.5312823,-97.5757905
Oklahoma,36.126493,-97.053372
Oklahoma,36.013375,-95.887164
Oklahoma,36.06034335,-95.85471191
Oklahoma,36.14080456,-95.96865687
Oklahoma,36.10391969,-95.91141256
Oklahoma,36.07573564,-95.92272491
Oregon,45.438102,-122.8288434
Oregon,45.49527869,-122.8089985
Oregon,44.1026621,-121.297702
Oregon,44.05519488,-121.3028888
Oregon,44.56903823,-123.279124
Oregon,44.044661,-123.073979
Oregon,44.0678374,-123.0723681
Oregon,45.4997749,-122.4110701
Oregon,45.43413,-122.5724215
Oregon,45.42707306,-122.4889185
Oregon,45.53483161,-122.8773376
Oregon,45.53295689,-122.9351063
Oregon,45.00989555,-122.9964373
Oregon,45.42044618,-122.7392027
Oregon,42.3083033,-122.8513292
Oregon,42.34457586,-122.881448
Oregon,45.53020415,-122.6835977
Oregon,45.5275094,-122.8155569
Oregon,45.52326586,-122.6911221
Oregon,45.50979772,-122.6845836
Oregon,45.51739369,-122.6757691
Oregon,45.534122,-122.6583732
Oregon,45.51626345,-122.6554763
Oregon,45.45472606,-122.7769521
Oregon,45.57538752,-122.5640838
Oregon,44.89992656,-123.0393272
Oregon,44.94190468,-122.982637
Oregon,45.36625591,-122.8359039
Oregon,44.07341038,-123.0431594
Oregon,45.38301189,-122.7482003
Oregon,45.30318868,-122.7662286
Oregon,45.15152601,-122.8845456
Pennsylvania,40.12332625,-75.11571012
Pennsylvania,40.63961634,-75.43483525
Pennsylvania,40.59710833,-75.52697264
Pennsylvania,40.56458716,-75.56461325
Pennsylvania,40.602172,-79.945614
Pennsylvania,40.48861929,-78.38671497
Pennsylvania,40.0096131,-75.2936297
Pennsylvania,40.103096,-74.949341
Pennsylvania,40.1658764,-75.290719
Pennsylvania,40.3540936,-80.1143347
Pennsylvania,40.238452,-76.9353698
Pennsylvania,40.27406324,-80.12723759
Pennsylvania,40.18990134,-77.19253955
Pennsylvania,39.94075531,-77.62861013
Pennsylvania,40.67577424,-80.09829803
Pennsylvania,40.6861893,-80.0913449
Pennsylvania,41.46540785,-75.63746558
Pennsylvania,40.32344839,-75.13016016
Pennsylvania,40.14357894,-75.1687845
Pennsylvania,40.4592014,-79.9252465
Pennsylvania,40.65051715,-75.29493269
Pennsylvania,42.1053991,-80.1316709
Pennsylvania,42.0580096,-80.0901447
Pennsylvania,40.03266905,-75.63036174
Pennsylvania,39.87528824,-75.54410742
Pennsylvania,40.30442781,-79.5796263
Pennsylvania,39.82923652,-76.99810837
Pennsylvania,40.27697,-76.825129
Pennsylvania,40.31247735,-76.80199209
Pennsylvania,39.966856,-75.3012985
Pennsylvania,41.2347635,-80.4501641
Pennsylvania,40.28370488,-76.65460505
Pennsylvania,40.61310833,-79.17449146
Pennsylvania,40.088032,-75.391402
Pennsylvania,40.0884324,-75.3826733
Pennsylvania,40.04402436,-76.36406292
Pennsylvania,40.07707337,-76.32557851
Pennsylvania,40.180207,-74.8754518
Pennsylvania,40.31789827,-76.42434047
Pennsylvania,40.98143861,-76.88439793
Pennsylvania,40.0493493,-75.518035
Pennsylvania,40.24601823,-77.01442407
Pennsylvania,39.91446338,-75.4328765
Pennsylvania,40.43916823,-79.7669308
Pennsylvania,40.421806,-79.661538
Pennsylvania,40.2356278,-74.9418481
Pennsylvania,39.98705959,-75.40546109
Pennsylvania,40.24067087,-75.24190635
Pennsylvania,39.9385938,-75.1668572
Pennsylvania,39.979333,-75.1530332
Pennsylvania,39.9487103,-75.1606938
Pennsylvania,39.94947955,-75.16667875
Pennsylvania,39.951829,-75.168143
Pennsylvania,39.923491,-75.1405828
Pennsylvania,40.04787554,-75.05825054
Pennsylvania,39.9572771,-75.1914083
Pennsylvania,39.954101,-75.200795
Pennsylvania,40.00750555,-75.21224898
Pennsylvania,40.06433388,-75.23682439
Pennsylvania,39.876066,-75.242969
Pennsylvania,40.0742819,-75.0331506
Pennsylvania,40.48808856,-79.88548909
Pennsylvania,40.39169093,-80.05985291
Pennsylvania,40.348342,-80.054179
Pennsylvania,40.4406418,-80.001999
Pennsylvania,40.44879827,-80.17445293
Pennsylvania,40.44114191,-79.95804005
Pennsylvania,40.44464413,-79.94811053
Pennsylvania,40.4542364,-79.94743395
Pennsylvania,40.52907474,-80.00872537
Pennsylvania,40.33336885,-79.94590625
Pennsylvania,40.56887401,-80.02325862
Pennsylvania,40.11612887,-75.28214352
Pennsylvania,40.35730324,-75.98349079
Pennsylvania,40.83737144,-76.83216302
Pennsylvania,39.76977917,-76.67238315
Pennsylvania,39.93833061,-75.35359031
Pennsylvania,39.91641365,-75.33377061
Pennsylvania,40.79681575,-77.857086
Pennsylvania,40.80866833,-77.90373667
Pennsylvania,40.39719,-75.92896
Pennsylvania,40.1373631,-74.96464818
Pennsylvania,40.19729,-75.082474
Pennsylvania,40.2309462,-75.1361968
Pennsylvania,40.1896141,-80.218805
Pennsylvania,40.07396184,-75.43201481
Pennsylvania,40.0442449,-75.3792673
Pennsylvania,39.96929534,-75.58764103
Pennsylvania,40.62299889,-80.05430906
Pennsylvania,40.63015037,-75.4802533
Pennsylvania,41.2435024,-75.8428947
Pennsylvania,40.14358602,-75.12174902
Pennsylvania,40.07355,-75.154918
Pennsylvania,39.93964618,-76.69322444
Pennsylvania,39.983066,-76.668861
Pennsylvania,39.9798254,-76.7519549
Rhode Island,41.7617853,-71.4588352
Rhode Island,41.6633042,-71.4944774
Rhode Island,41.81454905,-71.4964359
Rhode Island,41.93836596,-71.4773661
Rhode Island,41.51654425,-71.29926722
Rhode Island,41.8282018,-71.40055387
Rhode Island,41.870703,-71.5214
Rhode Island,41.73135,-71.435694
Rhode Island,41.71229447,-71.48965054
South Carolina,34.55238545,-82.67812235
South Carolina,32.24714816,-80.83250364
South Carolina,32.78561416,-79.93600473
South Carolina,34.68456675,-82.83736705
South Carolina,34.1162732,-80.8811665
South Carolina,34.0725388,-81.1578468
South Carolina,34.01832628,-80.96561692
South Carolina,33.98314716,-80.96767499
South Carolina,33.99895231,-81.04286773
South Carolina,34.1918158,-79.8331336
South Carolina,34.82591812,-82.2996929
South Carolina,34.84859099,-82.33826921
South Carolina,32.817089,-79.845077
South Carolina,33.64426053,-78.98684448
South Carolina,33.7049792,-78.9207932
South Carolina,33.49743746,-81.9608495
South Carolina,32.87309349,-80.02037084
South Carolina,32.93688509,-80.03890802
South Carolina,33.8420169,-78.6609744
South Carolina,34.93774335,-81.98452934
South Carolina,33.03471228,-80.15839721
Tennessee,36.02975269,-86.7914769
Tennessee,35.034478,-85.152574
Tennessee,36.59816675,-87.28607598
Tennessee,36.1387361,-85.50743964
Tennessee,35.144431,-89.796033
Tennessee,35.9451965,-86.8252433
Tennessee,36.3209576,-86.5994131
Tennessee,35.8992999,-84.160719
Tennessee,35.95662007,-83.93276327
Tennessee,35.91579268,-84.08944465
Tennessee,36.02624297,-83.92783766
Tennessee,35.92430096,-84.03702542
Tennessee,35.1347845,-89.9935507
Tennessee,35.20110113,-89.78755905
Tennessee,35.1019464,-89.8656928
Tennessee,35.85565317,-86.43089654
Tennessee,35.85564006,-86.43091842
Tennessee,36.18896044,-86.79796411
Tennessee,36.1441424,-86.8132771
Tennessee,36.10539142,-86.81267103
Tennessee,36.14728081,-86.79887229
Tennessee,36.13281495,-86.8943487
Tennessee,36.11145284,-86.76667109
Tennessee,36.1294922,-86.85315587
Tennessee,35.83063092,-83.57297061
Tennessee,35.97942228,-86.56428607
Texas,32.40542941,-99.76535907
Texas,32.95366772,-96.85307686
Texas,33.10290637,-96.67913172
Texas,35.18870227,-101.8667945
Texas,32.72220802,-97.11525655
Texas,32.76898855,-97.09679096
Texas,32.66463556,-97.13348452
Texas,30.38987021,-97.73331839
Texas,30.2635574,-97.731575
Texas,30.47998,-97.80108
Texas,30.30561201,-97.70798119
Texas,30.413357,-97.6895913
Texas,30.24214109,-97.72727692
Texas,30.2856525,-97.7420388
Texas,30.24762583,-97.77547724
Texas,30.35862878,-97.73474162
Texas,30.31258234,-97.73861282
Texas,30.2005085,-97.8640217
Texas,30.201279,-97.768482
Texas,30.44567362,-97.74415774
Texas,30.4113419,-97.8509364
Texas,30.26993596,-97.74166665
Texas,30.1584013,-97.7910949
Texas,29.77971468,-94.97723264
Texas,30.1153763,-94.1692828
Texas,32.8361758,-97.132894
Texas,33.02037636,-96.91372275
Texas,32.59237574,-96.93786072
Texas,30.52490831,-97.81967994
Texas,30.639633,-96.316716
Texas,30.62235243,-96.34132144
Texas,32.8780886,-97.15828218
Texas,30.31525058,-95.47347413
Texas,30.20635915,-95.46358245
Texas,32.96902365,-96.99328057
Texas,31.12028373,-97.86153828
Texas,33.1305398,-97.0390026
Texas,27.709253,-97.36811
Texas,29.97279663,-95.69147356
Texas,29.9930646,-95.7513406
Texas,29.911806,-95.685436
Texas,32.90781142,-96.76975673
Texas,32.91141547,-96.80302352
Texas,32.92135201,-96.83873005
Texas,32.94971005,-96.76948706
Texas,32.99912051,-96.79672475
Texas,32.81639867,-96.75316057
Texas,32.78812,-96.81001
Texas,32.8273184,-96.8455045
Texas,32.79815888,-96.80163622
Texas,32.86112926,-96.85722228
Texas,32.65037453,-96.86557891
Texas,32.81777982,-96.81203523
Texas,32.82102996,-96.78812208
Texas,32.9536677,-96.8178835
Texas,32.85733248,-96.7495986
Texas,32.85747812,-96.76965457
Texas,32.8705513,-96.769036
Texas,32.86864548,-96.77362332
Texas,32.831647,-96.7056409
Texas,29.66432618,-95.11553125
Texas,33.21483476,-97.1462039
Texas,33.19178014,-97.10028991
Texas,33.22937521,-97.16863888
Texas,32.6047426,-96.8254568
Texas,31.9246792,-106.4390277
Texas,31.72861537,-106.3034295
Texas,31.7789014,-106.5040344
Texas,31.8870565,-106.5788756
Texas,31.83434048,-106.5460485
Texas,31.7707749,-106.3711151
Texas,32.88010335,-97.09811057
Texas,32.9235699,-96.8988184
Texas,33.010971,-97.0700988
Texas,33.06980834,-97.08208367
Texas,31.817055,-106.42756
Texas,31.1308526,-97.7981556
Texas,32.73279268,-97.34312149
Texas,32.91513637,-97.31380647
Texas,32.75136879,-97.36039
Texas,32.7064172,-97.3890324
Texas,32.8240426,-97.0602447
Texas,32.6847621,-97.41457915
Texas,32.72643078,-97.42218088
Texas,32.7551398,-97.4295312
Texas,32.8699575,-97.3420637
Texas,29.5080192,-95.1873161
Texas,33.1073885,-96.8061975
Texas,33.12776147,-96.73395279
Texas,33.1060821,-96.8254278
Texas,32.95552813,-96.61685491
Texas,30.64930007,-97.67747303
Texas,32.43363772,-97.78478846
Texas,32.706107,-97.023461
Texas,32.67379439,-97.00618716
Texas,32.961723,-97.041844
Texas,33.09599987,-96.11259469
Texas,31.072048,-97.665851
Texas,26.18654664,-97.72133968
Texas,29.91996472,-95.41358444
Texas,29.9963734,-95.57682463
Texas,29.818847,-95.466769
Texas,29.76837547,-95.6241177
Texas,29.7360251,-95.5860864
Texas,29.81201584,-95.42221543
Texas,29.78766489,-95.71834045
Texas,29.7796515,-95.5620913
Texas,29.9159156,-95.616457
Texas,29.76973209,-95.181891
Texas,29.8539038,-95.5128787
Texas,29.9285434,-95.2037536
Texas,29.9950199,-95.4239349
Texas,29.74707676,-95.41027795
Texas,29.77467297,-95.39791268
Texas,29.74631541,-95.37628624
Texas,29.78052003,-95.53988531
Texas,29.7322553,-95.43905702
Texas,29.739234,-95.4624001
Texas,29.73201093,-95.46632792
Texas,29.72189678,-95.41898282
Texas,29.7501433,-95.4774043
Texas,29.8100681,-95.1624728
Texas,29.70976298,-95.401123
Texas,29.8770303,-95.645839
Texas,29.698378,-95.51778033
Texas,29.9642351,-95.5435751
Texas,29.73650634,-95.51441474
Texas,29.6907027,-95.4165025
Texas,29.76023603,-95.3626155
Texas,29.90381793,-95.55149932
Texas,30.00585513,-95.26930924
Texas,29.99741278,-95.16401613
Texas,30.71083081,-95.56625451
Texas,32.8242077,-97.19987249
Texas,32.86575261,-96.94360213
Texas,32.84434954,-96.99201493
Texas,32.9123609,-96.9594392
Texas,32.92209956,-96.99437747
Texas,29.7614722,-95.75115943
Texas,29.78736833,-95.79278617
Texas,32.81027796,-97.43238791
Texas,27.57321199,-99.47384388
Texas,33.00050676,-96.96263327
Texas,33.06905994,-96.87929593
Texas,33.04606244,-97.01036565
Texas,32.54216713,-94.73354165
Texas,33.5880611,-101.8694548
Texas,33.5674793,-101.9449518
Texas,33.5178,-101.903485
Texas,32.59547969,-97.14808758
Texas,26.19605701,-98.26065481
Texas,26.26853659,-98.21822809
Texas,33.2180591,-96.6383274
Texas,33.172935,-96.641888
Texas,32.791546,-96.5970865
Texas,32.81120819,-96.62445162
Texas,32.03630303,-102.1233529
Texas,29.56457402,-95.56266588
Texas,33.01195958,-96.60931745
Texas,31.623117,-94.652685
Texas,29.70102997,-98.0956525
Texas,32.841077,-97.237807
Texas,32.85343525,-97.19022933
Texas,31.8894707,-102.3503322
Texas,29.66572517,-95.18777449
Texas,29.650488,-95.152645
Texas,29.55646863,-95.38645023
Texas,29.55816231,-95.26174592
Texas,30.46267628,-97.59858975
Texas,26.2023423,-98.2019228
Texas,33.01573904,-96.70927334
Texas,33.0020893,-96.7672064
Texas,33.02751863,-96.7924363
Texas,33.056641,-96.6934015
Texas,33.0784746,-96.8203482
Texas,33.0270416,-96.83295899
Texas,29.94445264,-93.99503633
Texas,32.532614,-96.820676
Texas,32.97504255,-96.72105989
Texas,29.6608081,-95.7193789
Texas,33.0179509,-97.2181475
Texas,32.9027785,-96.4546128
Texas,30.4832562,-97.6817999
Texas,30.556402,-97.688002
Texas,32.90814667,-96.57225974
Texas,29.5486406,-98.6648708
Texas,29.5493418,-98.5821205
Texas,29.6094849,-98.5093478
Texas,29.56623541,-98.48478935
Texas,29.64701494,-98.44999562
Texas,29.46238059,-98.46551453
Texas,29.428215,-98.712386
Texas,29.519529,-98.500848
Texas,29.51045188,-98.57840717
Texas,29.4935572,-98.70641738
Texas,29.49808468,-98.48000078
Texas,29.43634152,-98.64941489
Texas,29.42379824,-98.48435669
Texas,29.82699727,-97.98527861
Texas,29.88557073,-97.94103432
Texas,29.571981,-98.326297
Texas,33.68257325,-96.60897835
Texas,32.93759492,-97.18685335
Texas,32.93898401,-97.10398534
Texas,30.06624249,-95.43773217
Texas,30.1161035,-95.3822348
Texas,30.08862668,-95.52151292
Texas,30.0347257,-95.5534837
Texas,30.16431162,-95.46486309
Texas,29.6430097,-95.575749
Texas,29.5635908,-95.6842306
Texas,29.59405095,-95.62280881
Texas,30.230103,-97.822291
Texas,31.092525,-97.385601
Texas,32.71672432,-96.32569441
Texas,33.45790991,-94.08770049
Texas,30.0889676,-95.63465116
Texas,32.29718725,-95.30180172
Texas,31.53118218,-97.1878742
Texas,31.55189048,-97.12456137
Texas,32.88256925,-97.25998003
Texas,32.42422893,-96.83892636
Texas,32.72925,-97.78766132
Texas,29.5476802,-95.13136261
Texas,30.27467832,-97.79928546
Texas,33.87089248,-98.53422405
Utah,40.62565661,-111.8515152
Utah,41.0887238,-111.9847553
Utah,40.4320963,-111.888371
Utah,40.6597349,-111.8878451
Utah,40.27351682,-111.67868
Utah,41.1782739,-111.9994683
Utah,37.1118491,-113.5544053
Utah,40.7255254,-111.8620372
Utah,40.76048,-111.86985
Utah,40.5626127,-111.8904488
Utah,40.89083706,-111.8926286
Vermont,44.448782,-73.208072
Vermont,43.6108926,-72.9730456
Virginia,38.83577204,-77.05128233
Virginia,38.81305686,-77.11067564
Virginia,38.7698603,-77.1397448
Virginia,38.8050393,-77.0459992
Virginia,38.8183204,-77.1418984
Virginia,38.77062541,-77.08223284
Virginia,38.86095153,-77.09225478
Virginia,38.862207,-77.06141
Virginia,38.853839,-77.048715
Virginia,38.87984042,-77.11231187
Virginia,38.89835748,-77.11875103
Virginia,39.0677368,-77.4852798
Virginia,39.01075755,-77.49098802
Virginia,37.23107898,-80.41518157
Virginia,37.2318604,-80.4313337
Virginia,38.7328534,-77.5475767
Virginia,38.7996923,-77.3200953
Virginia,38.82816518,-77.43816005
Virginia,38.8762197,-77.442502
Virginia,38.89754944,-77.44347194
Virginia,38.02911074,-78.44408037
Virginia,38.04916308,-78.50367631
Virginia,36.8243482,-76.41218882
Virginia,36.77492903,-76.23203127
Virginia,37.35440547,-77.41087433
Virginia,37.3767087,-77.511084
Virginia,37.254629,-77.3882035
Virginia,38.48517907,-77.96727142
Virginia,36.59450315,-79.4241607
Virginia,39.006242,-77.437158
Virginia,38.85261287,-77.32727303
Virginia,38.85765879,-77.35749975
Virginia,38.85726272,-77.39434921
Virginia,38.831375,-77.307755
Virginia,38.842982,-77.2721522
Virginia,38.8478701,-77.1210318
Virginia,38.88506554,-77.17454794
Virginia,38.8704999,-77.1530541
Virginia,38.87211,-77.228124
Virginia,38.29925744,-77.48370064
Virginia,38.34316395,-77.49433409
Virginia,38.29646905,-77.51342007
Virginia,38.23177702,-77.50234738
Virginia,38.79136028,-77.60702825
Virginia,37.6458566,-77.57969911
Virginia,37.667205,-77.4590366
Virginia,37.682641,-77.587767
Virginia,37.0435632,-76.393138
Virginia,38.43193916,-78.85506455
Virginia,38.96368586,-77.39905368
Virginia,38.9078947,-77.4087542
Virginia,39.1131827,-77.53693911
Virginia,38.70166011,-77.22061937
Virginia,37.39791,-79.22289
Virginia,37.34521557,-79.18886799
Virginia,38.7969942,-77.5171817
Virginia,38.74918746,-77.4488859
Virginia,38.93315931,-77.17617716
Virginia,38.9175319,-77.2206992
Virginia,37.60415765,-77.35326954
Virginia,37.41554366,-77.64118397
Virginia,37.113202,-76.496682
Virginia,37.06718861,-76.49152469
Virginia,36.8585584,-76.2104557
Virginia,36.91527,-76.27139
Virginia,36.86805814,-76.29812226
Virginia,36.8445271,-76.2910955
Virginia,36.88669698,-76.30217673
Virginia,37.506017,-77.607333
Virginia,37.50136454,-77.52837289
Virginia,38.88128714,-77.30176563
Virginia,39.13617727,-77.69132033
Virginia,38.93852543,-77.33054753
Virginia,38.95922169,-77.35677485
Virginia,38.95488124,-77.36619756
Virginia,37.5568173,-77.4863323
Virginia,37.65371685,-77.61575218
Virginia,37.584562,-77.4966109
Virginia,37.6032068,-77.5253715
Virginia,37.5494399,-77.45013183
Virginia,37.6029631,-77.5668176
Virginia,37.63779713,-77.51171212
Virginia,37.2557053,-79.95494303
Virginia,37.30096574,-79.95707769
Virginia,38.8953274,-77.0705265
Virginia,38.774977,-77.173906
Virginia,38.7791265,-77.1898837
Virginia,38.740231,-77.2129534
Virginia,38.4693324,-77.4120653
Virginia,38.952742,-77.447758
Virginia,39.03467631,-77.40711131
Virginia,39.0155611,-77.3750599
Virginia,36.88105344,-76.42441767
Virginia,38.90359402,-77.26203799
Virginia,38.92489542,-77.23988396
Virginia,36.8508588,-76.0236516
Virginia,36.7593093,-76.0072725
Virginia,36.81955984,-76.069128
Virginia,36.84452434,-76.12973962
Virginia,36.77567073,-76.0884293
Virginia,38.7290711,-77.7994609
Virginia,38.7809565,-77.2350216
Virginia,37.2874512,-76.721128
Virginia,39.16185434,-78.16800421
Virginia,38.63207357,-77.27463676
Virginia,38.65273298,-77.28606067
Virginia,38.673363,-77.335084
Washington,47.61354952,-122.1997845
Washington,47.6216166,-122.1318789
Washington,47.612737,-122.1852162
Washington,47.57440488,-122.1689447
Washington,48.785206,-122.4893741
Washington,47.1679541,-122.1558092
Washington,48.45333193,-122.3358399
Washington,47.90953389,-122.2252788
Washington,47.31628571,-122.3138469
Washington,47.54334533,-122.0501412
Washington,46.2212003,-119.2231981
Washington,47.385287,-122.234995
Washington,47.71184393,-122.1817937
Washington,47.05785191,-122.7650557
Washington,47.1619458,-122.5185392
Washington,47.82979899,-122.2725683
Washington,47.8206843,-122.2890054
Washington,48.15114826,-122.1912855
Washington,47.0417582,-122.9344636
Washington,47.14671835,-122.2925394
Washington,47.6672535,-122.1023643
Washington,47.47753966,-122.2162079
Washington,46.25855108,-119.3098217
Washington,47.60582599,-122.0359604
Washington,47.72187796,-122.2942069
Washington,47.61340998,-122.3210355
Washington,47.61000174,-122.3376749
Washington,47.62033585,-122.3380807
Washington,47.66190855,-122.2987347
Washington,47.7069892,-122.3261358
Washington,47.65923994,-122.3134023
Washington,47.560207,-122.3866142
Washington,47.6631689,-122.6960508
Washington,47.66582012,-117.4107362
Washington,47.21609226,-122.4686696
Washington,47.4491191,-122.2620723
Washington,47.458779,-122.258422
Washington,45.62141694,-122.5535908
Washington,45.65360082,-122.5866632
Washington,45.67822344,-122.6669198
Washington,45.61381204,-122.5036304
Washington,47.43769482,-120.3235655
Washington,47.75470339,-122.1557609
Washington DC,38.90307389,-77.03401239
Washington DC,38.9031225,-77.0186623
Washington DC,38.8754508,-77.0061574
Washington DC,38.9100169,-77.0321815
Washington DC,38.846545,-76.9804408
Washington DC,38.9120875,-77.04444721
Washington DC,38.9058075,-77.0432148
Washington DC,38.90031169,-77.04577225
Washington DC,38.9208758,-76.99399773
Washington DC,38.92108817,-77.02186473
Washington DC,38.92088642,-77.07224393
Washington DC,38.92009,-76.95289
Washington DC,38.9237075,-77.0519327
Washington DC,38.92966777,-77.03242067
Washington DC,38.905296,-77.0645633
Washington DC,38.89788833,-77.00473833
Washington DC,38.88324856,-76.99525558
Washington DC,38.94501613,-77.07775349
Washington DC,38.8976772,-77.0068768
Washington DC,38.89808218,-77.02101415
Washington DC,38.93206304,-76.99645106
West Virginia,38.419643,-82.261247
West Virginia,38.318543,-81.71877
West Virginia,38.42336453,-82.41935123
West Virginia,39.44600279,-77.98783448
West Virginia,39.65742293,-80.00229898
West Virginia,39.628094,-79.957707
Wisconsin,44.2441472,-88.3487294
Wisconsin,44.486816,-88.06757416
Wisconsin,43.0355056,-88.1043065
Wisconsin,43.0856483,-88.0667068
Wisconsin,44.77458461,-91.43800273
Wisconsin,44.2625531,-88.47014451
Wisconsin,42.93875896,-88.04771489
Wisconsin,44.95937313,-92.72082119
Wisconsin,42.723734,-88.995163
Wisconsin,43.07588904,-89.45386077
Wisconsin,43.1305173,-89.30578265
Wisconsin,43.07510119,-89.39660918
Wisconsin,43.0615872,-89.5049495
Wisconsin,43.1878076,-88.1277969
Wisconsin,43.07534428,-89.52871061
Wisconsin,42.98619265,-87.94778427
Wisconsin,43.04836219,-87.90452498
Wisconsin,42.7195817,-87.8492513
Wisconsin,42.56589181,-87.92104783
Wisconsin,43.06772322,-88.04822244
North Dakota,46.9042471,-96.7966185
North Dakota,46.85533713,-96.86141579
Wyoming,41.16071801,-104.805699
